"1. Stock (A) : New or Perfectly Repaired part, Stock (B) : Used but reusable part (Exception the Using Spare Part)",,,,,,,,,,,
2. Record the every a quarter year about consumer goods and Receive goods,,,,,,,,,,,
"3. Class: Enter letter 'L' for legal spare part, Enter letter 'M' for major spare part, Enter letter 'G' for general spare part",,,,,,,,,,,
"4. Standard / Legal quantity shall be set refer to DMM-SHEQ, PR-06, 3.2",,,,,,,,,,,
,,,,,,,,,,,
PC,Numbering,2.0,Items,"Part Number
(Code Number)",,previous stock,Received,Consumption,"Stock
(A)","Stock
(B)",Remark
PC,,1.0,MAIN ENGINE B&W 6L35 MC,2.0,,RECEIVE ULSAN 2025,,,,,M/E
,01-001-01,G,Stud,7.0,PC,4.0,,,4.0,,
,01-001-02,G,Nut,8.0,PC,4.0,,,4.0,,
,01-001-03,G,Washer,85.0,PC,0.0,,,1.0,,
01.        MAIN ENGINE,01-002,,Sheet No. 111E - Main bearing,,,,,,,,
,01-002-01,M,Main bearing,1.0,PC,1.0,,,1.0,,
01.        MAIN ENGINE,01-003,,Sheet No. 211D - Framo box(ME LO oil tank side),,,,,,,,
,01-003-01,G,O-ring for framo ( 9745),33.0,PC,12.0,,,12.0,,
,01-003-02,G,shaft ( A 12795),55.0,PC,1.0,,,1.0,,
,01-003-03,G,cargo seal set ( A 20888-A),36 & 37,PC,0.0,,,4.0,,
,01-003-04,G,mech seal (A 30527),47.0,PC,0.0,,,4.0,,
,01-003-05,G,bearing roll (A 10099),50.0,PC,2.0,,,2.0,,
,01-003-06,G,bearing ball,58.0,PC,0.0,,,1.0,,
,01-003-07,G,wear ring (A 85456),,PC,0.0,,,2.0,,
,01-003-08,G,ring (A 28105),77.0,PC,2.0,,,2.0,,
,01-003-09,G,Pin spring (A 13321),68.0,PC,2.0,,,2.0,,
,01-003-10,G,framo seal emement,8.0,PC,5.0,,,5.0,,
,01-003-11,G,framo seal emement,29.0,PC,12.0,,,12.0,,
,01-003-12,G,framo seal emement,45.0,PC,10.0,,,10.0,,
,01-003-13,G,framo seal emement,64.0,PC,10.0,,,10.0,,
01.        MAIN ENGINE,01-004,,Sheet No. 231D- Scav. Air reciever,,,,,,,,
,01-004-01,G,O-ring for scav. manifold,B17,PC,0.0,,,1.0,,
01.        MAIN ENGINE,01-005,,Sheet No. 231E- Cylinder frame,,,,,,,,
,01-005-01,G,Bush,8.0,PC,1.0,,,1.0,,
,01-005-02,G,O-ring for cylinder frame,50.0,PC,1.0,,,1.0,,
,01-005-03,G,Stud,52.0,PC,4.0,,,4.0,,
,01-005-04,G,Nut,15.0,PC,4.0,,,4.0,,
01.        MAIN ENGINE,01-006,,Sheet No.231 F - Cylinder liner,,,,,,,,
,01-006-01,G,Non return valve,A,PC,2.0,,,2.0,,
,01-006-02,G,Body non -return valve,A1,PC,0.0,,,0.0,,
,01-006-03,M,Cylinder liner,1.0,PC,3.0,,2.0,1.0,,
,01-006-04,G,Screw,5.0,PC,1.0,,0.0,1.0,,
,01-006-05,G,O-ring,11.0,PC,2.0,,0.0,2.0,,
,01-006-06,G,O-ring,12.0,PC,10.0,,0.0,10.0,,
,01-006-07,G,Gasket,15.0,PC,10.0,,0.0,10.0,,
,01-006-08,G,Gasket,20.0,PC,8.0,,,8.0,,
,01-006-09,G,"Clamp , Nozzle Holder",4.0,PC,8.0,,0.0,8.0,,
,01-006-10,G,Gasket ( for non return valve),49.0,pc,16.0,,,16.0,,
01.        MAIN ENGINE,01-007,,Sheet No. 311A- Connecting rod and cross head,,,,,,,,
,01-007-01,G,Stud and nut for cross head bearing,B6,PC,1.0,,,4.0,,
,01-007-02,G,Stud and nut for cross head bearing,B14,PC,1.0,,,4.0,,
,01-007-03,G,Thrust piece for cross head bearing,11.0,PC,1.0,,,2.0,,
,01-007-04,G,Telescopic pipe for piston cooling,D,PC,1.0,,,1.0,,
,01-007-05,M,Crank pin bearing,5.0,PC,1.0,,,1.0,,
,01-007-06,G,Stub and nut for crank pin bearing,B13,PC,1.0,,,1.0,,
,01-007-07,G,Stud and nut for crank pin bearing,B7,PC,1.0,,,1.0,,
,01-007-08,M,Cross head bearing,8.0,PC,1.0,,,1.0,,
,01-007-09,G,Locking plate,26.0,PC,1.0,,,10.0,,
01.        MAIN ENGINE,01-008,,Sheet No. 332B- Piston and rod,,,,,,,,
,01-008-01,M,Piston crown,1.0,PC,2.0,,,1.0,1.0,
,01-008-02,M,Piston skirt,2.0,PC,1.0,,,1.0,,
,01-008-03,M,Piston rod,3.0,PC,1.0,,,1.0,,
,01-008-04,G,Cooling pipe,4.0,PC,1.0,,,1.0,,
,01-008-05,G,Piston ring,5.0,PC,4.0,,2.0,2.0,,
,01-008-06,G,Piston ring,6.0,PC,4.0,,2.0,2.0,,
,01-008-07,G,Piston ring,7.0,PC,4.0,,2.0,2.0,,
,01-008-08,G,Piston ring,8.0,PC,4.0,,2.0,2.0,,
,01-008-09,G,O-ring,9.0,PC,15.0,,,15.0,,
,01-008-10,G,Lock wire,13.0,mtr,2.0,,,2.0,,
,01-008-11,G,O-ring,25.0,PC,10.0,,,10.0,,
,01-008-12,G,Screw ' skirt,10.0,PC,36.0,,,24.0,,
,01-008-13,G,Screw' crown,12.0,PC,24.0,,,12.0,,
01.        MAIN ENGINE,01-009,,Sheet No.332 C - Stuffing box,,,,,,,,
,01-009-01,G,SEALING RING ASSY,C,SET,24.0,,2.0,20.0,,
,01-009-02,G,SEALING RING ASSY,D,SET,24.0,,8.0,16.0,,
,01-009-03,G,SEALING RING ASSY,E,SET,24.0,,8.0,16.0,,
,01-009-04,G,SEALING RING ASSY,F,SET,36.0,,10.0,26.0,,
,01-009-05,G,STUFFING BOX ASS.,G,SET,30.0,,8.0,22.0,,
,01-009-06,G,O-ring,C-14,PC,9.0,,2.0,7.0,,
01.        MAIN ENGINE,01-010,,Sheet No. 341A CYL COVER & Cooling water connection,,,,,,,,
,01-009-01,G,Stud exh. v/v assy.,B,PC,0.0,,,0.0,,
,01-009-02,G,Stud,B1,PC,4.0,,,4.0,,
,01-009-03,G,Nut,B2,PC,4.0,,,4.0,,
,01-009-04,G,Stud Fuel valve assy,C,PC,0.0,,,0.0,,
,01-009-05,G,Stud,C2,PC,8.0,,,8.0,,
,01-009-06,G,Distance piece,C4,PC,4.0,,,4.0,,
,01-009-07,G,Nut,C5,PC,4.0,,,4.0,,
,01-009-08,G,Stud for starng v/v comp.,D,PC,4.0,,,4.0,,
,01-009-09,G,Screw,D7,PC,2.0,,,2.0,,
,01-009-10,G,Screw,5.0,PC,1.0,,,1.0,,
,01-009-11,G,Distance piece,C4,PC,1.0,,,1.0,,
,01-009-12,G,O- ring,9.0,PC,12.0,,2.0,10.0,,
,01-009-13,G,O-ring,10.0,PC,7.0,,2.0,5.0,,
,01-009-14,G,Cooling jacket,12.0,PC,1.0,,,0.0,1.0,
,01-009-15,G,Locking washer,13.0,PC,24.0,,,24.0,,
,01-009-16,G,O-ring,14.0,PC,10.0,,,10.0,,
,01-009-17,G,Stud,15.0,PC,1.0,,,1.0,,
,01-009-18,G,U-net,16.0,PC,1.0,,,1.0,,
,01-009-19,G,cylinder cover,1.0,pc,2.0,,,0.0,2.0,
,01-009-120,G,O-ring,C-3,pc,42.0,,,30.0,,
,01-010-01,G,Cooling jacket,12.0,PC,2.0,,,2.0,,
,01-010-02,G,Pipe,1.0,PC,6.0,,,4.0,,
,01-010-03,G,O-ring    ( inside 343 A ),3.0,PC,12.0,,,12.0,,
,01-010-04,G,O-ring    ( inside 341 A ),9.0,PC,7.0,,,7.0,,
,01-010-05,G,O-ring    ( inside 341 A ),10.0,PC,16.0,,,16.0,,
,01-010-06,G,Screw,5.0,PC,16.0,,,16.0,,
,,,Sheet No. 341C- COOL WATER CONNECTION,,,,,,,,
,01-010-01,G,O RING,3.0,PC,28.0,,8.0,20.0,,
,01-010-02,G,PIPE,1.0,PC,6.0,,4.0,2.0,,
01.        MAIN ENGINE,01-011,,Sheet No. 343A- Exhaust valve,,,,,,,,
,01-011-01,G,Throttle valve,343A C,PC,2.0,,,2.0,,
,01-011-02,G,O'ring,G5,PC,8.0,,,8.0,,
,01-011-03,G,O'ring,17.0,PC,22.0,,,22.0,,
,01-011-04,G,O'ring,13.0,PC,2.0,,,2.0,,
,01-011-05,G,O'ring,14.0,PC,2.0,,,2.0,,
,01-011-06,G,Stop screw,15.0,PC,10.0,,,10.0,,
,01-011-07,G,O'ring,21.0,PC,22.0,,,24.0,,
,01-011-08,G,Sealing Ring,22.0,PC,22.0,,,22.0,,
,01-011-09,G,Screw,24.0,PC,8.0,,,8.0,,
,01-011-10,G,Non Return Valve,28.0,PC,3.0,,,3.0,,
,01-011-11,G,O'ring,33.0,PC,5.0,,,5.0,,
,01-011-12,G,Sealing Ring,34.0,PC,14.0,,,14.0,,
,01-011-13,G,Guide Ring,35.0,PC,16.0,,,16.0,,
,01-011-14,G,cone piece,36.0,PC,6.0,,,6.0,,
,01-011-15,G,disc,37.0,PC,2.0,,,2.0,,
,01-011-16,G,Locking Washer,38.0,PC,6.0,,,6.0,,
,01-011-17,G,Screw,39.0,PC,8.0,,,8.0,,
,01-011-18,G,Piston Ring,44.0,PC,10.0,,,10.0,,
,01-011-19,G,Gasket,48.0,PC,6.0,,,6.0,,
,01-011-20,G,Gasket,49.0,PC,3.0,,,3.0,,
,01-011-21,G,Gasket,50.0,PC,3.0,,,3.0,,
,01-011-22,G,O'ring,52.0,PC,5.0,,,5.0,,
,01-011-23,G,Screw,55.0,PC,22.0,,,22.0,,
,01-011-24,G,O'ring,59.0,PC,2.0,,,2.0,,
,01-011-25,G,Gasket,61.0,PC,2.0,,,2.0,,
,01-011-26,G,Stop screw,66.0,PC,2.0,,,2.0,,
,01-011-27,G,Gasket,72.0,PC,2.0,,,2.0,,
,01-011-28,G,O'ring,75.0,PC,4.0,,,2.0,,
,01-011-29,G,Gasket,77.0,PC,20.0,,,20.0,,
,01-011-30,G,Gasket,80.0,PC,6.0,,,6.0,,
,01-011-31,G,O'ring,83.0,PC,10.0,,,10.0,,
,01-011-32,G,Pin,103.0,PC,4.0,,,4.0,,
,01-011-33,G,Pipe Union,119.0,PC,1.0,,,1.0,,
01.        MAIN ENGINE,01-012,,Sheet No.344 A- Fuel valves,,,,,,,,
,01-012-01,G,Spindle guide complete,A,PC,10.0,,,10.0,,
,01-012-02,G,Spindle guide,A1,PC,1.0,,,1.0,,
,01-012-03,G,Spindle,A2,PC,3.0,,,3.0,,
,01-012-04,G,Spring,A5,PC,4.0,,,4.0,,
,01-012-05,G,Non-return valve complete,C,PC,10.0,,,10.0,,
,01-012-06,G,Housing,C1,PC,0.0,,,0.0,,
,01-012-07,G,Trust valve,C2,PC,0.0,,,0.0,,
,01-012-08,G,Spring,C4,PC,4.0,,,4.0,,
,01-012-09,G,Bearing guide,C6,PC,0.0,,,0.0,,
,01-012-10,G,O-ring,C7,PC,29.0,,,29.0,,
,01-012-11,G,Holder,D,PC,0.0,,,0.0,,
,01-012-12,G,Holder,D1,PC,0.0,,,0.0,,
,01-012-13,G,Pin,D2,PC,2.0,,,2.0,,
,01-012-14,G,Pin,D3,PC,10.0,,,10.0,,
,01-012-15,G,Atomizer,1.0,PC,6.0,,,0.0,6.0,
,01-012-16,G,Valve head,6.0,PC,0.0,,,0.0,,
,01-012-17,G,O-ring,8.0,PC,29.0,,,29.0,,
,01-012-18,G,O-ring   (BODY),9.0,PC,27.0,,,27.0,,
,01-012-19,G,O-ring,13.0,PC,35.0,,,35.0,,
,01-012-19,G,O-ring,14.0,PC,25.0,,,25.0,,
01.        MAIN ENGINE,01-013,,SHEET No. 345 A - F.). High press. Pipe,,,,,,,,
,01-013-01,G,High press. Pipe ( set ),H,PC,1.0,,,1.0,,
,01-013-02,G,High press. Pipe,HA,PC,1.0,,,1.0,,
,01-013-03,G,High press. Pipe,HA1,PC,1.0,,,1.0,,
,01-013-04,G,Screw cap,H1,PC,2.0,,,2.0,,
,01-013-05,G,O-ring,H3,PC,46.0,,,46.0,,
,01-013-06,G,Screw cap,H4,PC,2.0,,,2.0,,
,01-013-07,G,Protecting pipe,H6,PC,2.0,,,2.0,,
,01-013-08,G,O-ring,H11,PC,26.0,,,26.0,,
,01-013-09,G,Sleeve,H14,PC,2.0,,,2.0,,
,01-013-10,M,High press.pipe ( set ),I,PC,2.0,,,2.0,,
,01-013-11,G,High press pipe,IA,PC,2.0,,,2.0,,
,01-013-12,G,High press pipe,IA1,PC,2.0,,,2.0,,
,01-013-13,G,Protecting pipe,IA5,PC,2.0,,,2.0,,
,01-013-14,G,Ring,IA6,PC,2.0,,,2.0,,
,01-013-15,G,O -ring,13.0,PC,16.0,,,16.0,,
,01-013-16,G,O-ring,111.0,PC,18.0,,,18.0,,
,01-013-17,G,Sleeve,114.0,PC,1.0,,,1.0,,
,01-013-18,G,Ring,O,PC,1.0,,,1.0,,
01.        MAIN ENGINE,01-014,,Sheet No. 346 A -Starting valve,,,,,,,,
,01-014-01,G,Starting valve complete,346A,PC,2.0,,,2.0,2.0,
,01-014-02,G,Spindle,2.0,PC,2.0,,,0.0,2.0,
,01-014-03,G,O-ring,3.0,PC,20.0,,,20.0,,
,01-014-04,G,Gasket,15.0,PC,5.0,,,5.0,,
,01-014-05,G,Spring pin,16.0,PC,1.0,,,1.0,,
,01-014-06,G,Piston,9.0,PC,2.0,,,0.0,2.0,
,01-014-07,G,Distance piece,27.0,PC,1.0,,,1.0,,
01.        MAIN ENGINE,01-015,,Sheet No. 347 A - Safety valve,,,,,,,,
,01-015-01,G,Safety valve complete,347A,PC,2.0,,,0.0,2.0,
,01-015-02,G,Valve set,1.0,PC,1.0,,,1.0,,
,01-015-03,G,Valve housing,2.0,PC,1.0,,,1.0,,
,01-015-04,G,Valve,3.0,PC,2.0,,,2.0,,
,01-015-05,G,Spindle,4.0,PC,2.0,,,2.0,,
,01-015-06,G,Stop ring,13.0,PC,1.0,,,1.0,,
01.        MAIN ENGINE,01-016,,Sheet No. 411 A - Cam shaft,,,,,,,,
,01-016-01,M,Cam shaft,1.0,PC,1.0,,,1.0,,
,01-016-02,G,Lock wire,43.0,PC,1.0,,,1.0,,
01.        MAIN ENGINE,01-017,,Sheet No. 421 A - Chain arragement,,,,,,,,
,01-017-01,G,Roller chain links,1.0,PC,0.0,,,1.0,,
,01-017-02,G,Chain tightening,A,PC,0.0,,,1.0,,
,01-017-03,G,Chain wheel assy.,AA,PC,0.0,,,1.0,,
,01-017-04,G,Chain wheel,AA1,PC,0.0,,,1.0,,
,01-017-05,G,Bearing bush,AA2,PC,0.0,,,1.0,,
,01-017-06,G,Bracket,A1,PC,0.0,,,1.0,,
,01-017-07,G,Rubber piece for guide R,C60,PC,0.0,,,1.0,,
01.        MAIN ENGINE,01-018,,Sheet No. 431 A - Roller guide housing,,,,,,,,
,01-018-01,M,Roller guide complete,C,PC,1.0,,,1.0,,
,01-018-02,G,Roller guide,C1,PC,1.0,,,1.0,,
,01-018-03,G,Roller guide,C2,PC,1.0,,,1.0,,
,01-018-04,G,Shafting pin for roller,C3,PC,1.0,,,1.0,,
,01-018-05,G,Bush,C4,PC,1.0,,,1.0,,
,01-018-06,G,Thrust piece,C9,PC,1.0,,,1.0,,
,01-018-07,G,Air cylinder,H1,PC,1.0,,,1.0,,
,01-018-08,G,Seal ring,L8,PC,1.0,,,1.0,,
,01-018-09,G,Seal ring,L9,PC,1.0,,,1.0,,
,01-018-10,G,O-ring,12.0,PC,1.0,,,1.0,,
,01-018-11,G,O-ring,38.0,PC,1.0,,,1.0,,
,01-018-12,G,Bearing sheel,44.0,PC,1.0,,,1.0,,
,01-018-13,G,Thrust ring,73.0,PC,1.0,,,1.0,,
,01-018-14,G,O-ring,86.0,PC,1.0,,,1.0,,
,01-018-15,G,O-ring,87.0,PC,1.0,,,1.0,,
01.        MAIN ENGINE,01-019,,Sheet No. 433 A - Fuel pump,,,,,,,,
,01-019-01,G,Pump housing complete,A,PC,1.0,,,1.0,,
,01-019-02,G,Pump housing,A1,PC,1.0,,,1.0,,
,01-019-03,G,Plug screw,A2,PC,1.0,,,1.0,,
,01-019-04,G,Gasket,A3,PC,2.0,,,2.0,,
,01-019-05,G,Stud,A6,PC,1.0,,,1.0,,
,01-019-06,G,Nut,A10,PC,1.0,,,1.0,,
,01-019-07,G,Cyl for top cover assy.,L,PC,2.0,,,2.0,,
,01-019-08,M,Pump barrel,LA,PC,6.0,,,0.0,6.0,
,01-019-09,G,O-Ring,LA6,PC,6.0,,,6.0,,
,01-019-10,G,11 Back up ring,LA11,PC,6.0,,,6.0,,
,01-019-11,G,Top cover,L2,PC,1.0,,,1.0,,
,01-019-12,G,Plug screw,L13,PC,1.0,,,1.0,,
,01-019-13,G,Gasket,L14,PC,6.0,,,6.0,,
,01-019-14,G,O-ring,L16,PC,8.0,,,8.0,,
,01-019-15,G,O-ring,L17,PC,8.0,,,8.0,,
,01-019-16,G,Back up ring,L18,PC,8.0,,,8.0,,
,01-019-17,G,Suction valve complete,O,PC,2.0,,,2.0,,
,01-019-18,G,Suction valve (HOUSING),O1,PC,1.0,,,1.0,,
,01-019-19,G,Suction rod,O2,PC,1.0,,,1.0,,
,01-019-20,G,Spring,O3,PC,1.0,,,1.0,,
,01-019-21,G,Cone piece,O4,PC,1.0,,,1.0,,
,01-019-22,G,Ring,O5,PC,1.0,,,1.0,,
,01-019-23,G,puncture valve,P,PC,2.0,,,0.0,2.0,
,01-019-24,G,Flexible connection,PA,PC,1.0,,,1.0,,
,01-019-25,G,Holder,PA1,PC,1.0,,,1.0,,
,01-019-26,G,Bellows,PA2,PC,1.0,,,1.0,,
,01-019-27,G,Thrust piece,PA3,PC,1.0,,,1.0,,
,01-019-28,G,O-ring,PA4,PC,6.0,,,6.0,,
,01-019-29,G,Housing,P1,PC,1.0,,,1.0,,
,01-019-30,G,Piston,P3,PC,1.0,,,1.0,,
,01-019-31,G,Sealing ring,P4,PC,7.0,,,7.0,,
,01-019-32,G,Sealing ring,P5,PC,10.0,,,10.0,,
,01-019-33,G,Spring,P6,PC,2.0,,,2.0,,
,01-019-34,G,Housing,P7,PC,1.0,,,1.0,,
,01-019-35,G,Plug screw,P8,PC,1.0,,,1.0,,
,01-019-36,G,O-ring,P9,PC,10.0,,,10.0,,
,01-019-37,G,O-ring,P11,PC,10.0,,,10.0,,
,01-019-38,G,O-ring,P13,PC,10.0,,,10.0,,
,01-019-39,G,Guide bush,8.0,PC,1.0,,,1.0,,
,01-019-40,G,Rack,9.0,PC,1.0,,,1.0,,
,01-019-41,G,Plunger,11.0,PC,6.0,,,6.0,,
,01-019-42,G,Pointer,13.0,PC,1.0,,,1.0,,
,01-019-43,G,Shim,16.0,PC,1.0,,,1.0,,
,01-019-44,G,Plug screw,22.0,PC,1.0,,,1.0,,
,01-019-45,G,Screw,24.0,PC,1.0,,,1.0,,
,01-019-46,G,Screw,34.0,PC,1.0,,,1.0,,
,01-019-47,G,Felt ring,35.0,PC,1.0,,,1.0,,
,01-019-48,G,Orifice,43.0,PC,1.0,,,1.0,,
,01-019-49,G,Stop Screw,44.0,PC,1.0,,,1.0,,
,01-019-50,G,Gasket,46.0,PC,1.0,,,1.0,,
,01-019-51,G,Plug screw,56.0,PC,1.0,,,1.0,,
,01-019-52,G,Distance piece,57.0,PC,2.0,,,2.0,,
,01-019-53,G,Flange,67.0,PC,2.0,,,2.0,,
,01-019-54,G,Gasket,68.0,PC,2.0,,,2.0,,
,01-019-55,G,O-ring,12.0,PC,6.0,,,6.0,,
,01-019-56,G,O-ring,36.0,PC,6.0,,,6.0,,
,01-019-57,G,O-ring,38.0,PC,6.0,,,6.0,,
01.        MAIN ENGINE,01-020,,Sheet No. 434 B - Exhaust high pressure pipe,,,,,,,,
,01-020-01,G,High press pipe,1.0,PC,1.0,,,1.0,,
,01-020-02,G,Protecting pipe,2.0,PC,1.0,,,1.0,,
,01-020-03,G,Piece,3.0,PC,1.0,,,1.0,,
,01-020-04,G,Plug screw,5.0,PC,1.0,,,1.0,,
,01-020-05,G,Rubber tube,9.0,PC,1.0,,,1.0,,
,01-020-06,G,Screw,13.0,PC,1.0,,,1.0,,
,01-020-07,G,O-ring,21.0,PC,2.0,,,2.0,,
,01-020-08,G,O-ring,23.0,PC,2.0,,,2.0,,
01.        MAIN ENGINE,01-021,,Sheet No. 434 C - Exaust valve gear,,,,,,,,
,01-021-01,G,Non return valve assy.,15.0,PC,1.0,,,1.0,,
,01-021-02,G,Valve,B1,PC,1.0,,,1.0,,
,01-021-03,G,Valve housing,B2,PC,3.0,,,3.0,,
,01-021-04,G,Spring,B3,PC,1.0,,,1.0,,
,01-021-05,G,Spring retainer,B4,PC,1.0,,,1.0,,
,01-021-06,G,Stop ring,B11,PC,1.0,,,1.0,,
,01-021-07,G,Oil cylinder,1.0,PC,2.0,,,2.0,,
,01-021-08,G,Piston,2.0,PC,1.0,,,1.0,,
,01-021-09,G,Piston ring,3.0,PC,12.0,,,12.0,,
,01-021-10,G,Locking plate,7.0,PC,2.0,,,2.0,,
,01-021-11,G,Locking plate,8.0,PC,1.0,,,1.0,,
,01-021-12,G,Screw,9.0,PC,1.0,,,1.0,,
,01-021-13,G,Plug screw,10.0,PC,1.0,,,1.0,,
,01-021-14,G,Flange,20.0,PC,1.0,,,1.0,,
,01-021-15,G,O-ring,25.0,PC,4.0,,,4.0,,
,01-021-16,G,Screw,26.0,PC,4.0,,,4.0,,
,01-021-17,G,Washer,30.0,PC,4.0,,,4.0,,
,01-021-18,G,Non Return Valve,15.0,set,4.0,,,4.0,,
01.        MAIN ENGINE,01-022,,Sheet No. 445 A - Main starting valve,,,,,,,,
,01-022-01,G,1 Housing,1.0,PC,1.0,,,1.0,,
,01-022-02,G,2 Housing,2.0,PC,1.0,,,1.0,,
,01-022-03,G,3 Gasket,3.0,PC,1.0,,,1.0,,
,01-022-04,G,4 Non return valve,4.0,PC,1.0,,,1.0,,
,01-022-05,G,9 Gasket,9.0,PC,1.0,,,1.0,,
,01-022-06,G,35 Spindle,35.0,PC,1.0,,,1.0,,
,01-022-07,G,36 Spring,36.0,PC,1.0,,,1.0,,
,01-022-08,G,58 Gasket,56.0,PC,1.0,,,1.0,,
01.        MAIN ENGINE,01-023,,Sheet No. 451 A - Starting air distributor,,,,,,,,
,01-023-01,G,Disc,A,PC,1.0,,,1.0,,
,01-023-02,G,Disc,A1,PC,1.0,,,1.0,,
,01-023-03,G,Plug screw,A2,PC,1.0,,,1.0,,
,01-023-04,G,Distributor housing complete,B1,PC,1.0,,,1.0,,
,01-023-05,G,Pin,B4,PC,1.0,,,1.0,,
,01-023-06,G,Pin,B5,PC,1.0,,,1.0,,
,01-023-07,G,Coupling,1.0,PC,1.0,,,1.0,,
,01-023-08,G,Closing disc,3.0,PC,1.0,,,1.0,,
,01-023-09,G,Shaft,6.0,PC,1.0,,,1.0,,
,01-023-10,G,Bush,7.0,PC,1.0,,,1.0,,
,01-023-11,G,Key,15.0,PC,1.0,,,1.0,,
,01-023-12,G,Air cylinder,17.0,PC,1.0,,,1.0,,
,01-023-13,G,Oil seal,18.0,PC,1.0,,,1.0,,
,01-023-14,G,3-way valve,19.0,PC,1.0,,,1.0,,
,01-023-15,G,O-ring,20.0,PC,1.0,,,1.0,,
,01-023-16,G,lock washer,22.0,PC,1.0,,,1.0,,
,01-023-17,G,Nut,32.0,PC,1.0,,,1.0,,
,01-023-18,G,Pin,40.0,PC,1.0,,,1.0,,
,01-023-19,G,Gasket,41.0,PC,1.0,,,1.0,,
,01-023-20,G,Screw,70.0,PC,1.0,,,1.0,,
,01-023-21,G,piston ring,71.0,PC,1.0,,,1.0,,
01.        MAIN ENGINE,01-024,,Sheet No. 451 H - Lubricator,,,,,,,,
,01-024-01,M,Cylinder lubricator assy.,,PC,1.0,,,1.0,,
01.        MAIN ENGINE,01-025,,Sheet No. 453 A - Indicator drive,,,,,,,,
,01-025-01,G,27 Indicator valve complete,27.0,PC,3.0,,,3.0,,
,01-025-02,G,30 Gasket,30.0,PC,6.0,,,6.0,,
,01-025-03,G,19 Distance piece,19.0,PC,2.0,,,2.0,,
,01-025-04,G,E9 Retaining Ring,E9,PC,10.0,,,10.0,,
,01-025-05,G,E3 Spindle,E3,PC,6.0,,,6.0,,
,01-025-06,G,E10 Conical Spring,E10,PC,24.0,,,24.0,,
01.        MAIN ENGINE,01-026,,Sheet No. 512 - B Auxiliary blower arr.,,,,,,,,
,01-026-01,G,A21 Seal ring,A21,PC,1.0,,,1.0,,
,01-026-02,G,B21 Seal ring,B21,PC,1.0,,,1.0,,
01.        MAIN ENGINE,01-027,,Sheet No. 531 BC - Rupture disc complete,,,,,,,,
,01-027-01,G,1 Disc,1.0,PC,1.0,,,1.0,,
,01-027-02,G,2 Housing,2.0,PC,1.0,,,1.0,,
,01-027-03,G,3 Cap,3.0,PC,1.0,,,1.0,,
,01-027-04,G,4 Washer,4.0,PC,1.0,,,1.0,,
,01-027-05,G,5 Cylinder,5.0,PC,1.0,,,1.0,,
,01-027-06,G,6 Fitted bolt,6.0,PC,1.0,,,1.0,,
01.        MAIN ENGINE,01-028,,Sheet No. 533 A - Shock absorber assy.,,,,,,,,
,01-028-01,G,1 Housing,1.0,PC,1.0,,,1.0,,
,01-028-02,G,2 Piston,2.0,PC,1.0,,,1.0,,
,01-028-03,G,14 Sealing ring,14.0,PC,1.0,,,1.0,,
,01-028-04,G,13 Gasket,13.0,PC,1.0,,,1.0,,
01.        MAIN ENGINE,01-029,,Sheet No. 533DA - Overflow valve,,,,,,,,
,01-029-01,G,4 sealing ring,4.0,PC,1.0,,,1.0,,
,01-029-02,G,5 Sealing ring,5.0,PC,1.0,,,1.0,,
02.        STEERING GEAR,02-001,,HYDRAULIC STEERING GEAR,,,,,,,,
,02-001-01,G,Solenoid Valve Complete,2901.0,PC,1.0,,,1.0,,
,02-001-02,G,Spider(rubber ring) for Coupling 2pcs/set,2003.0,PC,1.0,,,1.0,,
,02-001-03,G,Bearing N.D.E (7307DB),,PC,4.0,,,4.0,,
,02-001-04,G,Bearing D.E (6308ZZCM),,PC,2.0,,,2.0,,
,02-001-05,G,V-PACKING FOR HYDRAULIC CYL.             P/N- 190,P90053A    1210,PC,4.0,,,4.0,,
,02-001-06,G,ORING FOR HYD.CYL.PLUG OORBG65        P/N-191,N25004C    1215,PC,2.0,,,2.0,,
,02-001-07,G,ORING FOR HYD.CYL.PLUG OORBG30        P/N-192,N25004C    1219,PC,2.0,,,2.0,,
,02-001-08,G,ORING FOR HYD.CYL.PLUG OORBG39        P/N-193,N25004C    1221,PC,2.0,,,2.0,,
,02-001-09,G,ORING FOR STOP VALVE OORBP24           P/N-194,N25004C    3006,PC,4.0,,,4.0,,
,02-001-10,G,ORING FOR STOP VALVE OORBP16           P/N-195,N25004C    3007,PC,4.0,,,4.0,,
,02-001-11,G,ORING FOR STOP VALVE OORBP25           P/N-196,N25004C    3009,PC,4.0,,,4.0,,
,02-001-12,G,ORING FOR STOP VALVR OORBP20           P/N-197,N25004C    3015,PC,6.0,,,6.0,,
,02-001-13,G,SPIDER ( RUBBER RING ) FOR COUPLING               P/N-198,N31011A    2003,PC,2.0,,,2.0,,
,02-001-14,G,ORING FOR TANK DRAIN PLUG OORBG      P/N-199,N25004C    1639,PC,2.0,,,2.0,,
,02-001-15,G,ORING FOR OIL TANK OORBP20               P/N- 200,N25004C    1652,PC,4.0,,,4.0,,
,02-001-16,G,ORING FOR VALVE UNIT PLUG                  P/N-201,N25004C    2907,PC,4.0,,,4.0,,
,02-001-17,G,ORING FOR PIPE FLANGE  NO.214             P/N-202,N25005      1821,PC,8.0,,,8.0,,
,02-001-18,G,ORING FOR AIR VENT VALVE OORGP10      P/N-203,N25004C    1862,PC,2.0,,,2.0,,
,02-001-19,G,ORING - PRESS.GAUGE FITTING OORBP20            P/N-204,N25004C    4013,PC,2.0,,,2.0,,
,02-001-20,G,ORING FOR HDYRAULIC PUMP OORBP11               P/N-205,N25004C      074,PC,6.0,,,6.0,,
,02-001-21,G,ORING FOR HDYRAULIC PUMP OORBP20               P/N-206,N25004C      219,PC,1.0,,,1.0,,
,02-001-22,G,ORING FOR HYDRAULIC -PUMP OORBP110           P/N-207,N25004C      288,PC,2.0,,,2.0,,
,02-001-23,G,ORING FOR HYDRAULIC PUMP OORBP90   P/N-208,N25004C      317,PC,2.0,,,2.0,,
,02-001-24,G,OIL SEAL FOR HYDRAULIC PUMP PTCY34  P/N-209,P20021C      103,PC,2.0,,,2.0,,
,02-001-25,G,ORING - PUMP SUCTION VALVE OORBP20 P/N- 210,N25004C    1755,PC,4.0,,,4.0,,
,02-001-26,G,ORING-PUMP SUCTION VALVE OORBP30   P/N-211,N25004C    1757,PC,4.0,,,4.0,,
,02-001-27,G,ORING-PUMP SUCTION VALVE OORBP40   P/N-212,N25004C    1758,PC,2.0,,,2.0,,
,02-001-28,G,SOLENOID VALVE                                   P/N-213,VJ9604108838 2901,PC,2.0,,,2.0,,
,02-001-29,G,ORING FOR SOLENOID VALVE                  P/N-214,VZ50105483 113,PC,5.0,,,5.0,,
,02-001-30,G,ORING FOR BRAKE VALVE OORBP16         P/N-215,N25004C   2902-5,PC,4.0,,,4.0,,
,02-001-31,G,ORING FOR BRAKE VALVE OORBP20         P/N0216,N25004C   2902-6,PC,4.0,,,4.0,,
,02-001-32,G,ORING FOR BRAKE VALVE OORBP25         P/N-217,N25004C   2902-7,PC,2.0,,,2.0,,
,02-001-33,G,ORING FOR BRAKE VALVE OORBP12         P/N-218,N25004C   2902-17,PC,8.0,,,8.0,,
,02-001-34,G,RACHET SPANNER FOR STOP VALVE         P/N-219,P90099A    4059,PC,1.0,,,1.0,,
,02-001-35,G,PLIER FOR STOP RING                            P/N-220,N64001      4060,PC,1.0,,,1.0,,
03~05        GENERATOR ENGINE,03-001,,PISTON & CONNECTING ROD (G/E -DAIHATSU DL 16A),,,,,,,,(G/E)
,03-001-01,G,Piston Ring (1)    165-A,E165100290A,PC,7.0,,6.0,1.0,,15.08.25 GE-3 overhauled
,03-001-02,G,Piston Ring (2)    165,E165100300B,PC,7.0,,6.0,1.0,,15.08.25 GE-3 overhauled
,03-001-03,G,Oil Ring Steel     16A,E165150320B,PC,7.0,,6.0,1.0,,15.08.25 GE-3 overhauled
,03-001-04,G,Piston Pin,DL-16A017,PC,4.0,,,4.0,,
,03-001-05,G,Bush Piston Pin,E165270030A,PC,0.0,,,0.0,,
,03-001-06,G,Koenic Expander  (090),M120210160Z,PC,12.0,,,12.0,,
,03-001-07,G,Snap Ring  C-type,E165100260E,PC,18.0,,,18.0,,
,03-001-08,M,Crank Pin Metal,E165200010D,PC,8.0,,6.0,2.0,,15.08.25 GE-3 overhauled
,03-001-09,G,Crank Pin Bolt  12DKA,E165270070Z,PC,6.0,,6.0,0.0,,
,03-001-10,G,Lock Washer Rod Bolt,E165270130A,PC,6.0,,,6.0,,
,03-001-11,G,Bolt  M8×1.25×12,X200008012ZZ,PC,18.0,,,18.0,,
,03-001-12,G,Toothed Lock Washer  M8,Z315008000ZZ,PC,15.0,,,15.0,,
,03-001-13,G,Straight Pin  6×16,Z335006016ZZ,PC,24.0,,,24.0,,
,03-001-14,G,Set Screw (2)  M8×1.25×8,X251208008ZZ,PC,6.0,,,6.0,,
,03-001-15,M,Piston,E165150010Z,PC,1.0,,1.0,0.0,,23.11.25 GE-3 unit-5 overhauled
,03-001-16,G,Protect ring,E165050050Z,PC,4.0,,1.0,3.0,,23.11.25 GE-3 unit-5 overhauled
,03-001-16,G,Knock Protect ring,E165100290Z,PC,12.0,6.0,,6.0,,15.08.25 GE-3 overhauled
03~05        GENERATOR ENGINE,03-002,,CYLINDER LINER,,,,,,,,
,03-002-01,G,Protect Ring,E165050050E,PC,1.0,,,1.0,,
,03-002-02,G,"Knock , Protect Ring",E165050080E,PC,1.0,,,1.0,,
,03-002-03,G,O Ring  G185,Z560218557Z,PC,26.0,,3.0,23.0,,23.11.25 GE-3 unit-5 overhauled
,03-002-04,G,Tongued Washer (2) 22,Z318222000Z,PC,46.0,,,46.0,,
03~05        GENERATOR ENGINE,03-003,,TURBO CHARGER ASSEMBLY,,,,,,,,
,03-003-01,G,Main Bearing Shell,E160700010,PC,4.0,,,4.0,,
,03-003-02,G,Thrust Bearing,P160700040,PC,1.0,,,1.0,,
,03-003-03,G,RUBBER HOSE,P162600290A,PC,0.0,,,0.0,,
,03-003-04,G,O-RING,E162600190Z,PC,3.0,,,3.0,,
,03-003-05,M,TURBINE SHAFT,E162600190Z,PC,1.0,,,1.0,,
,03-003-06,G,HOSE CLAMP,E162600230Z,PC,,,,,,
03~05        GENERATOR ENGINE,03-004,,CYLINDER HEAD,,,,,,,,
,03-004-01,G,"Gasket , Cly.Head",E165600230A,PC,10.0,,6.0,4.0,,15.08.25 GE-3 overhauled
,03-004-02,G,Gasket Head Cover (Lower),E166300130B,PC,14.0,,6.0,8.0,,15.08.25 GE-3 overhauled
,03-004-03,G,Valve sterm seal,E165600390Z,PC,40.0,,24.0,16.0,,15.08.25 GE-3 overhauled
,03-004-04,G,O Ring  16×4,Z560001640Z,PC,80.0,,,80.0,,
,03-004-05,G,O Ring  S39 (Ful),Z225600360Z,PC,20.0,,,20.0,,
,03-004-06,G,O Ring  S36 (Ful),E165600280Z,PC,20.0,,,20.0,,
,03-004-07,G,O Ring  S39 (Silicon),E205600280Z,PC,20.0,,,20.0,,
,03-004-08,G,O Ring  15.5×1.5,Z560001615Z,PC,20.0,,,20.0,,
,03-004-09,G,O Ring  15,Z560101524Z,PC,20.0,,,20.0,,
,03-004-10,G,"Guide,Nozzle Holder-A",E165600180Z,PC,6.0,,,6.0,,
,03-004-11,G,Gasket  Nozzle Holder Guide,E185610280Z,PC,6.0,,,6.0,,
,03-004-12,G,"Cap , Cyl Head Bolt",E165600450Z,PC,0.0,,,0.0,,
,03-004-13,G,Rubber Plug,E166300150Z,PC,13.0,,,13.0,,
,03-004-14,G,Rubber Seal  2000,B900000003Z,PC,0.0,,,0.0,,
,03-004-15,G,Bnjo Plug (2) 3/8,X545203000Z,PC,10.0,,,10.0,,
,03-004-16,G,Special Nut  M24×2.0,E165600110Z,PC,10.0,,,10.0,,
,03-004-17,G,C.W. Outlet Cock (1) Ass'y,E166109010A,PC,6.0,,,6.0,,
,03-004-18,G,C.W. Outlet Cock,,PC,6.0,,,6.0,,
,03-004-19,G,C.W. Adjusting Flange (1),E166100030Z,PC,0.0,,,0.0,,
,03-004-20,G,Packing  C.W. Outlet Pipe,P146100090Z,PC,22.0,,6.0,16.0,,15.08.25 GE-3 overhauled
,03-004-21,G,Gasket (1)  35×60,Z541103560A,PC,22.0,,6.0,16.0,,15.08.25 GE-3 overhauled
,03-004-22,G,Gasket Exhaust Manifold,E162100140Z,PC,6.0,,,6.0,,
,03-004-23,G,Inlet Pipe Packing -2,E162000080Z,PC,0.0,,,0.0,,
,03-004-24,G,O Ring  G95,Z560209531D,PC,0.0,,,0.0,,
,03-004-25,G,O Ring  G95,AE02056029A,PC,0.0,,,0.0,,
,03-004-26,G,Valve guide,E165600050Z,PC,30.0,,,30.0,,
,03-004-27,G,Cylinder head bolt,E160200130Z,PC,10.0,,,10.0,,
,03-004-28,G,"seat, intake valve",E165600060A,PC,24.0,,,24.0,,
,03-004-29,G,Valve rotator,E165700080Z,PC,20.0,20.0,,20.0,,15.08.25 GE-3 overhauled
,03-004-30,G,Valve spring cotter,P145700060A,PC,30.0,24.0,,6.0,,15.08.25 GE-3 overhauled
,03-004-31,G,Valve Spindle,E165750020Z,PC,24.0,,,24.0,,
,03-004-32,G,O Ring ( fur)S39,E205600280Z,PC,50.0,,,50.0,,
,03-004-33,G,O Ring ( fur)S39,E205600360Z,PC,50.0,,,50.0,,
,03-004-34,G,O Ring 16X4,Z560001640ZZ,PC,64.0,,,64.0,,15.08.25 GE-3 overhauled
,03-004-35,G,O Ring ( fur)S36,E165600280Z,PC,50.0,,,50.0,,
03~05        GENERATOR ENGINE,03-005,,INTAKE & EXHAUST VALVE,,,,,,,,
,03-005-01,G,Intake & Exhaust Valve Ass'y,E165759510,PC,2.0,,,6.0,,
,03-005-02,G,Valve,E165750020Z,PC,0.0,24.0,,24.0,,Received at Ulsan 23.Oct. 2025
,03-005-03,G,Valve Spring Cotter,P145700060A,PC,,,,0.0,,
,03-005-04,G,Valve Spring Seat,E165700050A,PC,24.0,,,24.0,,
,03-005-05,G,Valve Spring  4×30.5×77,E165750110Z,PC,4.0,,,4.0,,
,03-005-06,G,Valve Spring  5×43×88,E165750120Z,PC,4.0,,,4.0,,
,03-005-07,G,Valve Rotator,E165700080Z,PC,1.0,24.0,,25.0,,Received at Ulsan 23.Oct. 2025
,03-005-08,G,Plate Spring,E165700170Z,PC,12.0,,,12.0,,
,03-005-09,G,Retainer,E165700160Z,PC,0.0,,,0.0,,
,03-005-10,G,Coil Spring,E165700180Z,PC,100.0,,,100.0,,
,03-005-11,G,Steel Ball,E165700200Z,PC,100.0,,,100.0,,
,03-005-12,G,Circlip,E165700190Z,PC,0.0,,,0.0,,
,03-005-13,G,Valve Guide,E165600050Z,PC,60.0,,,60.0,,
,03-005-14,G,Seat  Intake Valve,E165600060A,PC,14.0,,4.0,10.0,,15.08.25 GE-3 overhauled
,03-005-15,G,Seat  Exhaust Valve,E165650120Z,PC,50.0,,12.0,38.0,,15.08.25 GE-3 overhauled
,03-005-16,G,Valve Stem Seal  14,E165600390Z,PC,2.0,24.0,,26.0,,Received at Ulsan 23.Oct. 2025
03~05        GENERATOR ENGINE,03-006,,VALVE OPERATING DEVICE,,,,,,,,
,03-006-01,G,"Bush , Rocker Arm",AE01059006A,PC,8.0,,,8.0,,
,03-006-02,G,"Tee , Valve Yoku (with Seat)",B881605911Z,PC,14.0,,,14.0,,
,03-006-03,G,Tappet Spring,E166800080Z,PC,4.0,,,4.0,,
,03-006-04,G,LO Adjusting Screw,E165900120Z,PC,4.0,,,4.0,,
,03-006-05,G,"Adjusting Screw , Rocker Arm",E165900090Z,PC,57.0,,,57.0,,
,03-006-06,G,"Adjusting Screw , Valve Yoku",E165900130A,PC,18.0,,,18.0,,
,03-006-07,G,Snap Ring (Shaft) 40,Z411004000Z,PC,9.0,,,9.0,,
,03-006-08,G,"Washer , Rocker Arm Shaft",E185950160Z,PC,10.0,,,10.0,,
,03-006-09,G,Set Screw (2)  M6×1.0×6,X251206006Z,PC,4.0,,,4.0,,
,03-006-10,G,Nut (3)  M8×1.25,X220308000Z,PC,4.0,,,4.0,,
,03-006-11,G,Nut (3)  M14×1.5,X222314000Z,PC,50.0,,,50.0,,
,03-006-12,G,"Cap , Push Rod",E166800060Z,PC,10.0,,4.0,6.0,,
,03-006-13,G,"Rubber Plug,Push Rod",E166800090Z,PC,24.0,,,24.0,,
,03-006-14,G,Rocker arm bush,E615900060Z,PC,12.0,,,12.0,,
,03-006-15,G,Rocker arm in valve,E165900200Z,PC,3.0,,,3.0,,
,03-006-16,G,Rocker arm exh valve,E165900180Z,PC,3.0,,,3.0,,
,03-006-17,G,"Rocker arm shaft holder, Bolt (1)",E165600200Z,PC,0.0,10.0,,10.0,,RECEIVE BUSAN 17 jun 2025
,03-006-18,G,"Rocker arm holder,Bolt (2)",E165600210Z,PC,0.0,5.0,,5.0,,RECEIVE BUSAN 17 jun 2025
,,,,,,,,,,,
03~05        GENERATOR ENGINE,03-007,,INDICATOR SAFETY VALVE,,,,,,,,
,03-007-01,G,Indicator Safety Valve Ass'y,C031790170,PC,1.0,,,1.0,,
,03-007-02,G,Indicator Valve -5,C031740090Z,PC,1.0,,,1.0,,
,03-007-03,G,Indicator valve body,,PC,2.0,,,2.0,,
,03-007-04,G,Indicator valve,,PC,0.0,,,0.0,,
,03-007-05,G,Gasket,Z565002100ZZ,PC,6.0,,,6.0,,
,03-007-06,G,Seated Nut,C031640120Z,PC,0.0,,,0.0,,
,03-007-07,G,Nut,X222327000ZZ,PC,0.0,,,0.0,,
,03-007-08,G,Straight Pin,,PC,0.0,,,0.0,,
,03-007-09,G,Gasket(23),,PC,9.0,,,9.0,,
03~05        GENERATOR ENGINE,03-008,,FO INJECTION VALVE,,,,,,,,
,03-008-01,G,Nozzle Holder Ass'y,E166200080B,PC,6.0,,,6.0,,
,03-008-02,G,FO Injection Pipe -FS,E166200150A,PC,3.0,,,3.0,,
,03-008-03,G,Nozzle Tip,E166200320B,PC,6.0,20.0,4.0,22.0,,Received at Ulsan 23 Oct 2025
,03-008-04,G,Spacer,E166200580Z,PC,2.0,,,2.0,,
,03-008-05,G,Adjusting Screw,E166200550A,PC,1.0,,,1.0,,
,03-008-06,G,"Spring , Nozzle",E166200540Z,PC,22.0,,,22.0,,
,03-008-07,G,Spring Seat,E166500530Z,PC,6.0,,,6.0,,
,03-008-08,G,Push Rod,E166200520Z,PC,3.0,,,3.0,,
,03-008-09,G,"Pin , Nozzle Dowel",AE01062062021A,PC,18.0,,,18.0,,
,03-008-10,G,Inlet Connector,E166200620A,PC,12.0,,,12.0,,
,03-008-11,G,Pipe Joint,C266203160Z,PC,0.0,,,0.0,,
,03-008-12,G,"Bolt , Pipe Joint",C266203180Z,PC,0.0,,,0.0,,
,03-008-13,G,"Clamp , Nozzle Holder",E166200010Z,PC,11.0,,,11.0,,
,03-008-14,G,O Ring  P15,Z560101524D,PC,26.0,,,26.0,,
,03-008-15,G,O Ring  P31,Z560103135D,PC,25.0,,,25.0,,
,03-008-16,G,O Ring  P42,Z560104235D,PC,30.0,,,30.0,,
,03-008-17,G,O Ring  15.6×2.3,Z560001623D,PC,30.0,,,30.0,,
,03-008-18,G,Gasket  10-2,Z567001002C,PC,12.0,,,12.0,,
,03-008-19,G,Gasket  14-2,Z567001402C,PC,0.0,,,0.0,,
,03-008-20,G,Gasket  19,Z565001920Z,PC,20.0,,,20.0,,
,03-008-21,G,Gasket for Inlet Connector,E246203200Z,PC,18.0,,,18.0,,
,03-008-22,G,Retain Nut,E166200600Z,PC,11.0,,,11.0,,
,03-008-23,G,O Ring  (FRU)  P36,E206200580Z,PC,6.0,,,6.0,,
,03-008-24,G,Body Nozle Holder,E1662004920A,PC,3.0,,,3.0,,
,03-008-25,G,Pin Nozle Holder,C266203050Z,PC,30.0,,,30.0,,
,03-008-26,G,O Ring  P36,E206200580Z,PC,50.0,,,50.0,,
03~05        GENERATOR ENGINE,03-009,,LO RELIEF VALVE,,,,,,,,
,03-009-01,G,Oil Relief Valve Ass'y (L.O.),G003309040Z,PC,0.0,,,0.0,,
,03-009-02,G,Relief Valve,G003300030A,PC,0.0,,,0.0,,
,03-009-03,G,Spring  1.2×9.0×38,C033970151,PC,0.0,,,0.0,,
,03-009-04,G,Spring  1.4×9.0×42.5,C033970153,PC,0.0,,,0.0,,
,03-009-05,G,Spring  L:132.0,G003300180,PC,0.0,,,0.0,,
03~05        GENERATOR ENGINE,03-010,,FO INJECTION PUMP,,,,,,,,
,03-010-01,M,F.O. Injection Pump Ass'y,E166400030,PC,1.0,,,1.0,,
,03-010-02,G,"Holder, Delivery Valve",E246402230Z,PC,4.0,,,4.0,,
,03-010-03,G,Control Sleeve,E246402430Z,PC,2.0,,,2.0,,
,03-010-04,G,Plunger Ass'y,E166400150A,PC,19.0,,6.0,13.0,,Overhauled 12 Oct 2025
,03-010-05,G,Delivery Valve,E246402170A,PC,18.0,,6.0,12.0,,Overhauled 12 Oct 2025
,03-010-06,G,Deflector,E246402110A,PC,12.0,,,12.0,,
,03-010-07,G,Control Rack,E206202380Z,PC,8.0,,,8.0,,
,03-010-08,G,"Spring, Seat",E246402210Z,PC,3.0,,,3.0,,
,03-010-09,G,Spring Plunger,E246402280Z,PC,24.0,,,24.0,,
,03-010-10,G,"Screw , Air Breather",E246402500Z,PC,9.0,,,9.0,,
,03-010-11,G,Eye Bolt,E246402590Z,PC,2.0,,,2.0,,
,03-010-12,G,Plug  M10x1.0,E246402600Z,PC,12.0,,,12.0,,
,03-010-13,G,Set Screw,E246402570Z,PC,6.0,,,6.0,,
,03-010-14,G,"Bolt , Rack Guide",E246402400Z,PC,5.0,,,5.0,,
,03-010-15,G,Plug  M10,E246402600Z,PC,0.0,,,0.0,,
,03-010-16,G,Snap Ring Guide,C266402430Z,PC,10.0,,,10.0,,
,03-010-17,G,O Ring  (21),E266402170Z,PC,20.0,,6.0,14.0,,Overhauled 12 Oct 2025
,03-010-18,G,O Ring  (22),E246402260A,PC,30.0,,6.0,24.0,,Overhauled 12 Oct 2025
,03-010-19,G,Gasket,E246402200Z,PC,30.0,,,30.0,,
,03-010-20,G,Gasket  6,Z567000600CC,PC,50.0,,6.0,44.0,,Overhauled 12 Oct 2025
,03-010-21,G,Gasket  6,Z567000600Z,PC,30.0,,,30.0,,
,03-010-22,G,Gasket  10-2,Z567001002Z,PC,30.0,,,30.0,,
,03-010-23,G,Gasket  16,Z567001600C,PC,18.0,,,18.0,,
,03-010-24,G,Gasket  18,Z567001800C,PC,18.0,,6.0,12.0,,Overhauled 12 Oct 2025
,03-010-25,G,Retainer Push Rod,E166700070B,PC,2.0,,,2.0,,
,03-010-26,G,"Seat,Push Rod",E166750080Z,PC,4.0,,,4.0,,
,03-010-27,G,"Spring , Tappet　4×34×69.9",E166750260,PC,0.0,,,0.0,,
,03-010-28,G,"Spring , Tappet　2.9×25×74",E166750270,PC,6.0,,,6.0,,
03~05        GENERATOR ENGINE,03-011,,STRTING VALVE,,,,,,,,
,03-011-01,G,Starting Valve Ass'y,DL-16A037,PC,0.0,,,0.0,,
,03-011-02,G,Starting Valve,E166000040Z,PC,2.0,4.0,,6.0,,Received at Ulsan 23 Oct 2025
,03-011-03,G,"Piston , Starting Valve",E226000080Z,PC,4.0,4.0,,8.0,,Received at Ulsan 23 Oct 2025
,03-011-04,G,Spring NO.1,P166000151Z,PC,0.0,,,0.0,,
,03-011-05,G,Split Pin  2×25,Z320002025J,PC,0.0,4.0,,4.0,,Received at Ulsan 23 Oct 2025
,03-011-06,G,Castel Nut(1)M10x1.25,X226110000JZ,PC,6.0,4.0,,10.0,,Received at Ulsan 23 Oct 2025
,03-011-07,G,"Piston Case , Starting Valve",E166000030Z,PC,3.0,4.0,,7.0,,Received at Ulsan 23 Oct 2025
,03-011-08,G,Spring NO.1,P166000151Z,PC,4.0,4.0,,8.0,,Received at Ulsan 23 Oct 2025
,03-011-09,G,"Seat, Starting V/V Spring",E226000060Z,PC,3.0,4.0,,7.0,,Received at Ulsan 23 Oct 2025
,03-011-10,G,Wear Ring -18,E166000230Z,PC,4.0,4.0,,8.0,,Received at Ulsan 23 Oct 2025
03~05        GENERATOR ENGINE,03-012,,"STARTING AIR VALVE (Section14,Sheet21)",,,,,,,,
,03-012-01,G,Piston,C040040080B,PC,3.0,,,3.0,,
,03-012-02,G,Valve Shaft,C040040110B,PC,6.0,,,6.0,,
,03-012-03,G,"Retainer , Valve Spring",C040040090A,PC,3.0,,,3.0,,
,03-012-04,G,"Cover , Valve Packing",C040040130Z,PC,2.0,,,2.0,,
,03-012-05,G,Spring  1.6×14.5×62,C040070370A,PC,0.0,,,0.0,,
,03-012-06,G,Spring  #5  2.3×18.3×27,C040070335A,PC,2.0,,,2.0,,
,03-012-07,G,Castle Nut (1)  M8×1.25,X226108000Z,PC,15.0,,,15.0,,
,03-012-08,G,Split Pin,Z320002020ZG,PC,0.0,,,0.0,,
,03-012-09,G,Grease Cup20x1/8,Z577020010ZZ,PC,1.0,,,1.0,,
,03-012-10,G,Filter,C040270410A,PC,4.0,,,4.0,,
,03-012-11,G,"Bursting Disk , Safety Valve",NN00160003A,PC,1.0,,,1.0,,
,03-012-12,G,Mini Y Packing,C040070240Z,PC,4.0,,,4.0,,
,03-012-13,G,"Packing , Valve",C040070290B,PC,6.0,,,6.0,,
,03-012-14,G,Gasket  18,Z665018000Z,PC,0.0,,,0.0,,
,03-012-15,G,"Retainer,Filter Spring",C040240220Z,PC,1.0,,,1.0,,
,03-012-16,G,Filter Case,C04024210Z,PC,1.0,,,1.0,,
,03-012-17,G,Cylinder,C040040060B,PC,3.0,,,3.0,,
,03-012-18,G,Gasket 14,Z665014000Z,PC,2.0,,,2.0,,
,03-012-19,G,GASKET 28,Z565002800Z,PC,3.0,,,3.0,,
03~05        GENERATOR ENGINE,03-013,,STARTING AIR CONTROL VALVE (AUTO),,,,,,,,
,03-013-01,G,Valve,C040270430A,PC,8.0,,,8.0,,
,03-013-02,G,Valve Seat,C040240130Z,PC,5.0,,,5.0,,
,03-013-03,G,"Distance , Valve Seat",C040240140Z,PC,4.0,,,4.0,,
,03-013-04,G,Push-Rod,C040240300Z,PC,6.0,,,6.0,,
,03-013-05,G,Shim,C040200570Z,PC,0.0,,,0.0,,
,03-013-06,G,Spring #1  (2.3×9.8×13.5),C040270501A,PC,3.0,,,3.0,,
,03-013-07,G,Spring #2  (1.0×10×23),C040270502A,PC,3.0,,,3.0,,
,03-013-08,G,Spring #4  (1.2×12.2×24),C040270504A,PC,0.0,,,0.0,,
,03-013-09,G,O Ring  15.6×2.3,Z560001623Z,PC,6.0,,,6.0,,
,03-013-10,G,FIXING CORE,C040240260A,PC,3.0,,,3.0,,
03~05        GENERATOR ENGINE,03-014,,COOLING WATER PUMP,,,,,,,,
,03-014-01,G,Shaft,C038602270Z,PC,1.0,,,1.0,,
,03-014-02,G,Impeller Key,C038602300Z,PC,2.0,,,2.0,,
,03-014-03,G,Gear Key,C038602310Z,PC,2.0,,,2.0,,
,03-014-04,G,Mechancal Seal,C038602440Z,PC,2.0,,,2.0,,
,03-014-05,G,Oil Seal,C038602450Z,PC,4.0,,,4.0,,
,03-014-06,G,Gear Nut M20x2.5,C038602360Z,PC,2.0,,,2.0,,
,03-014-07,G,Claw Washer,C038602380Z,PC,2.0,,,2.0,,
,03-014-08,G,Casing Ring,C038602240Z,PC,1.0,,,1.0,,
,03-014-09,G,Ring,C038602390Z,PC,1.0,,,1.0,,
,03-014-10,G,O Ring 148X3.5,C038602250Z,PC,4.0,,,4.0,,
,03-014-11,G,Bearing,Z451163060Z,PC,4.0,,,4.0,,
,03-014-12,G,Claw Washer,CO38602350Z,PC,12.0,,,12.0,,
,03-014-13,G,DRAIN COCK,CO38602490Z,PC,3.0,,,3.0,,
,03-014-14,G,HEX PLUG,CO38602480Z,PC,2.0,,,2.0,,
,03-014-15,G,SNAP RING,CO38602470Z,PC,0.0,,,0.0,,
03~05        GENERATOR ENGINE,03-015,,ROCKER ARM LUBRICATING OIL PUMP,,,,,,,,
,03-015-01,G,Bush  (1),C002220010Z,PC,4.0,,,4.0,,
,03-015-02,G,Bush  (2),C002220020A,PC,3.0,,,3.0,,
,03-015-03,G,Driving Shaft  B10,C032300320Z,PC,4.0,,,4.0,,
,03-015-04,G,Rotor  B10,C032300240Z,PC,4.0,,,4.0,,
,03-015-05,G,Oil Seal,Z461082207TC,PC,7.0,,,7.0,,
,03-015-06,G,Snap Ring (Hole)  22,Z412002200Z,PC,1.0,,,1.0,,
,03-015-07,G,Bolt M8x1.25x70,X200008070ZZ,PC,2.0,,,2.0,,
,03-015-08,G,O Ring  31×2.0,Z560003120Z,PC,5.0,,,5.0,,
,03-015-09,G,"Gasket , Pump Body",AE01045014A,PC,0.0,,,0.0,,
03~05        GENERATOR ENGINE,03-016,,ROCKER ARM LUBRICATING OIL PIPING,,,,,,,,
,03-016-01,G,O-RING,Z560101524ZZ,PC,20.0,,,20.0,,
,03-016-02,G,O-RING,Z560001615ZZ,PC,12.0,,,12.0,,
03~05        GENERATOR ENGINE,03-017,,FUEL OIL FEED PUMP,,,,,,,,
,03-017-01,G,Oil Seal,C033370280Z,PC,2.0,,,2.0,,
,03-017-02,G,Oil Seal,C033370290Z,PC,3.0,,,3.0,,
,03-017-03,G,Oil Seal,C033170280Z,PC,2.0,,,2.0,,
,03-017-04,G,O Ring  P14,Z560101424DZ,PC,10.0,,,10.0,,
,03-017-05,G,O Ring  P7,Z560100719DZ,PC,4.0,,,4.0,,
,03-017-06,G,BUSH,E170700190Z,PC,5.0,,,5.0,,
,03-017-07,G,PUMP BUSH (2)-1B,C033170130Z,PC,4.0,,,4.0,,
,03-017-08,G,PUMP BUSH (1),C033170140Z,PC,12.0,,,12.0,,
,03-017-09,G,OIL SEAL TCV 17308,C033370280Z,PC,8.0,,,8.0,,
,03-017-10,G,OIL SEAL SB 17328,C033370290Z,PC,8.0,,,8.0,,
,03-017-11,G,Bearig (1)6230,Z451160030ZZ,PC,4.0,,,4.0,,
,03-017-12,G,OIL SEAL TCV15307,C033170280Z,PC,4.0,,,4.0,,
,03-017-13,G,Pump Driving Gear Shaft V08,E170700110B,PC,3.0,,,3.0,,
,03-017-14,G,Pump Gear (Z34),E170700120Z,PC,3.0,,,3.0,,
,03-017-15,G,Relief Valve,C033140070A,PC,4.0,,,4.0,,
,03-017-16,G,Spring 1.6 X 8.5 X 39.4,C033179800Z,PC,4.0,,,4.0,,
,03-017-17,G,Gasket 17,Z565001700BZ,PC,4.0,,,4.0,,
,03-017-18,G,Gasket Pump Body,C002270020A,PC,4.0,,,4.0,,
,03-017-19,G,Gasket 112/156,E1631001120Z,PC,4.0,,,4.0,,
,03-017-19,G,Coupling,E170900090A,PC,2.0,,,2.0,,
03~05        GENERATOR ENGINE,03-018,,LO PRIMING PUMP STARTER,,,,,,,,
,03-018-01,G,Fuse,NC-0  3A,PC,6.0,,,6.0,,
,03-018-02,G,Neon Indicator Light,"BN-5668  Clear 
AC100～125V",PC,3.0,,,3.0,,
,03-018-02,G,Packing  (Casing),Y529000104Z,PC,6.0,,,6.0,,
,03-018-03,G,Neon Indicator Light,"BN-5668  Green 
AC100～125V",PC,3.0,,,3.0,,
,03-018-03,G,Packing  (Cap Nut),Y529000154Z,PC,28.0,,,28.0,,
,03-018-04,G,Packing  (Air Plug),Y529000170Z,PC,10.0,,,10.0,,
03~05        GENERATOR ENGINE,03-019,,FO FILTER  (NOTCH WIRE),,,,,,,,
,03-019-01,G,Packing  (Element),Y529000306Z,PC,1.0,,,1.0,,
03~05        GENERATOR ENGINE,03-020,,LO FILTER,,,,,,,,
,03-020-01,G,Packing  (Element),Y529000308Z,PC,19.0,,2.0,17.0,,
,03-020-02,G,Packing  (Casing),Y529000107Z,PC,18.0,,,18.0,,
,03-020-03,G,Packing  (Cap Nut),Y529000155Z,PC,12.0,,,12.0,,
,03-020-04,G,Packing  (Connector),Y529000189Z,PC,4.0,,,4.0,,
,03-020-05,G,Packing  (Sleeve Nut),Y529000200Z,PC,2.0,,,2.0,,
03~05        GENERATOR ENGINE,03-021,,LO BY-PASS FILTER,,,,,,,,
,03-021-01,G,O Ring  (5253),H1570031014,PC,0.0,,,0.0,,
,03-021-02,G,O Ring  (5254),H1570031028,PC,0.0,,,0.0,,
,03-021-03,G,Spring Washer,H1570031022,PC,0.0,,,0.0,,
,03-021-04,G,Flat Washer,Z300016000Z,PC,0.0,,,0.0,,
03~05        GENERATOR ENGINE,03-022,,OIL SEAL,,,,,,,,
,03-022-01,G,"Oil Seal  (3)  , Trochoid Pump",Z461082207TC,PC,0.0,,,0.0,,
,03-022-02,G,"Oil Seal  (3)  , LO Pump",Z461355511SC,PC,0.0,,,0.0,,
,03-022-03,G,Oil Seal,C033370290Z,PC,0.0,,,0.0,,
,03-022-04,G,Oil Seal,C0333170280Z,PC,0.0,,,0.0,,
,03-022-05,G,Oil Seal,C033370280Z,PC,0.0,,,0.0,,
03~05        GENERATOR ENGINE,03-023,,BEARING,,,,,,,,
,03-023-01,G,"Bearing  (1)  , FO Feed Pump",Z451162030Z,PC,0.0,,,0.0,,
,03-023-02,G,"Bearing  , LO Pump",E170500470,PC,0.0,,,0.0,,
,03-023-03,G,Bearing,,PC,0.0,,,0.0,,
,03-023-04,G,Bearing,,PC,0.0,,,0.0,,
,03-023-05,G,Leakage Ring,C057000090Z,PC,0.0,,,0.0,,
03~05        GENERATOR ENGINE,03-024,,PRESSURE GAUGE,,,,,,,,
,03-024-01,G,AE 10-141  AS1/2 100×60MPa,,PC,0.0,,,0.0,,
,03-024-02,G,"60Press.Gauge , D1/4U4-01",Y703094001B,PC,0.0,,,0.0,,
,03-024-03,G,"60Press.Gauge , D1/4U3-00",Y703093000B,PC,0.0,,,0.0,,
,03-024-04,G,"60Press.Gauge , D1/4U10-40",Y703001040B,PC,0.0,,,0.0,,
,03-024-05,G,"60Press.Gauge , D1/4U6-00",Y733096000B,PC,0.0,,,0.0,,
,03-024-06,G,Hose  3/8×3/8×470,Y190303470Z,PC,0.0,,,0.0,,
,03-024-07,G,Hose  3/8×3/8×340,Y190303340Z,PC,0.0,,,0.0,,
,03-024-08,G,Gasket  (0) 6,Z665006000Z,PC,0.0,,,0.0,,
,03-024-09,G,"Tacho Meter 70 , 5:7  R1800",E173500011Z,PC,0.0,,,0.0,,
,03-024-10,G,Flex.Cable  L:1000,NN00016008A,PC,0.0,,,0.0,,
,03-024-11,G,"Press.SW1 , 0.2M Below",J111020100B,PC,0.0,,,0.0,,
,03-024-12,G,"Press.SW1 , 0.1M Below",J111010100B,PC,0.0,,,0.0,,
,03-024-13,G,Double Banjo Bolt  for Press.SW,X545401000Z,PC,0.0,,,0.0,,
03~05        GENERATOR ENGINE,03-025,,THERMOMETER,,,,,,,,
,03-025-01,G,Thermometer 100℃ × 3/8P,Y231003140,PC,0.0,,,0.0,,
,03-025-02,G,Thermometer 620℃ × 1/2 × 142,E173400020B,PC,0.0,,,0.0,,
,03-025-03,G,Thermometer 600℃ × 1/2 × 60,,PC,0.0,,,0.0,,
,03-025-04,G,Motor : PSG Governor  DC24V,C046870081Z,PC,0.0,,,0.0,,
03~05        GENERATOR ENGINE,03-026,,GASKET,,,,,,,,
,03-026-01,G,Gasket,E226203130Z,PC,0.0,,,0.0,,
,03-026-02,G,Gasket  6,Z565000600E,PC,0.0,,,0.0,,
,03-026-03,G,Gasket  (0) 13,Z565001300Z,PC,0.0,,,0.0,,
,03-026-04,G,Gasket  14-2,Z5657001402C,PC,0.0,,,0.0,,
,03-026-05,G,Gasket  (0) 14,Z665014000Z,PC,0.0,,,0.0,,
,03-026-06,G,Gasket  (0) 17,Z565001700Z,PC,0.0,,,0.0,,
,03-026-07,G,Gasket  (0) 18,Z665018000Z,PC,0.0,,,0.0,,
,03-026-08,G,Gasket  18,Z565001800E,PC,0.0,,,0.0,,
,03-026-09,G,Gasket  18,Z565001800C,PC,0.0,,,0.0,,
,03-026-10,G,Gasket  (0) 21,Z565002100Z,PC,0.0,,,0.0,,
,03-026-11,G,Gasket  21,Z565002100C,PC,0.0,,,0.0,,
,03-026-12,G,Gasket  (0) 23,Z565002300Z,PC,0.0,,,0.0,,
,03-026-13,G,Gasket  34,Z565003400Z,PC,0.0,,,0.0,,
,03-026-14,G,0 Ring,C057000080Z,PC,0.0,,,0.0,,
,03-026-15,G,Gasket (C/Cover),C058000130Z,PC,0.0,,,0.0,,
,03-026-16,G,0 Ring,C058000320Z,PC,0.0,,,0.0,,
,03-026-17,G,Packing DD30,E162600150Z,PC,0.0,,,0.0,,
,03-026-18,G,Gasket (C/Cover),C056000100Z,PC,0.0,,,0.0,,
,03-026-19,G,Gasket (R/Cover),C056000110Z,PC,0.0,,,0.0,,
,03-026-20,G,GASKET ( EXHAUST PIPE & EXHAUST PIPE COVER ),E162100140Z,PC,12.0,,,12.0,,
,03-026-21,G,GASKET BELLOWS 80A,E162100180A,PC,12.0,,,12.0,,
03~06,03-027,,GOVERNOR,,,,,,,,G/E
,03-027-01,G,GOV. SPEED ADJUSTING MOTOR,1766-531,PC,1.0,,,,1.0,OLD
06.        EMERGENCY GENERATOR & LIGHTING & BATTERY,06-001,,Em'cy G/E( Mitsuizousen mchinery& Service) F3L912,,,,,,,,
,06-001-01,G,Starting Motor Complete,BOSCH  0001 -368 008,PC,1.0,,,1.0,,
,06-001-02,G,Fuel oil feed pump,P/N- 401174423,PC,1.0,,,1.0,,
,06-001-03,G,Lube oil filter,P/N- 401174418,PC,1.0,,,1.0,,
,06-001-04,G,V-Belt,P/N- 402235175,PC,1.0,,,1.0,,
,06-001-05,G,Spare part Box,P/N- 005000540,PC,1.0,,,1.0,,
,06-001-06,G,Injection pipe( No.1CYL.),P/N- 002116570,PC,0.0,,,0.0,,
07.        AUX. BOILER,07-001,,Rotary cup Burner & F.O. p/p,,,,,,,,
,07-001-01,G,BEARINGS SR-101,6009ZZ,PC,2.0,,,2.0,,
,07-001-02,G,BEARINGS SR-101,6205ZZ,PC,4.0,,,2.0,,
,07-001-03,G,BEARINGS SR-101,6204ZZ,PC,6.0,,,2.0,,
,07-001-04,G,BEARINGS SR-101,6302ZZ,PC,7.0,,,2.0,,
07.        AUX. BOILER,07-002,,FORCED DRAFT FAN BEARING,,,,,,,,BOILER
,07-002-01,G,BEARINGS SR-101,6212zzc3,PC,1.0,,,2.0,,
,07-002-02,G,BEARINGS SR-101,6210zzc3,PC,1.0,,,3.0,,
07.        AUX. BOILER,07-003,,PRIMARY AIR FAN BEARING,,,,,,,,
,07-003-01,G,BEARINGS SR-101,6308zz,PC,2.0,,,4.0,,
07.        AUX. BOILER,07-004,,D.O. PUMP,,,,,,,,
,07-004-01,G,BEARINGS SR-101,6203vvncx,PC,1.0,,,3.0,,
,07-004-02,G,BEARINGS SR-101,6202vvncx,PC,1.0,,,2.0,,
07.        AUX. BOILER,07-005,,OIL BURNNER SR-102~SR107,,,,,,,,
,07-005-01,G,ROTARY CUP,"SR-102,   R9",PC,1.0,,,1.0,,
,07-005-02,G,BURNER V-BELT,SR-103,PC,1.0,,,1.0,,
,07-005-03,G,SR-104 UNIVERSAL JOINT,SR-104,PC,4.0,,,1.0,,
,07-005-04,G,PRESSURE GAUGE,"SR-105 , 1.0Mpa",PC,1.0,,,1.0,,
,07-005-05,G,PRESSURE GAUGE,"SR-105 , 1.5Mpa",PC,1.0,,,1.0,,
,07-005-06,G,THERMOMETER,S-106,PC,1.0,,,1.0,,
,07-005-07,G,STRAINER SCREEN,"S-107 ,60mesh",PC,2.0,,,2.0,,
07.        AUX. BOILER,07-006,,OIL BURNNER SR-201~SR208,,,,,,,,
,07-006-01,G,S-201 IGNITION BURNER D.O. PUMP,S-201,PC,1.0,,,1.0,,
,07-006-02,G,SR-202 IGNITION BURNER ELECTRODE,SR-202,PC,1.0,,,0.0,,
,07-006-03,G,SR-203 IGNITION BURNER ATOMIZER,SR-203,PC,1.0,,,2.0,,
07.        AUX. BOILER,07-007,,SR-204 SPARE FOR F.O. PUMP,,,,,,,,
,07-007-01,G,Compound Guage,PF3/8 -0.1MPa to 0.3MPa,PC,2.0,,,3.0,,
,07-007-02,G,Pressure Guage,PF3/8  1.0MPa,PC,1.0,,,1.0,,
,07-007-03,G,Balance Sleeve,,PC,2.0,,,1.0,,
,07-007-04,G,Spring and O-Ring,,PC,1.0,,,1.0,,
,07-007-05,G,Reliff Valve Spring,SR-205,PC,1.0,,,1.0,,
,07-007-06,G,Packing For Heater,SR-206,PC,1.0,,,2.0,,
,07-007-07,G,COIL FOR D.O.,"SR-207 , V/V HO-03-215",PC,2.0,,,1.0,,
,07-007-08,G,COIL FOR D.O.,"SR-207.,V/VAPK-12",PC,1.0,,,1.0,,
,07-007-09,G,FLAME EYE,"SR-208 , FE-01 cds",PC,1.0,,,0.0,,
07.        AUX. BOILER,07-008,,OIL BURNNER O-RINGS SR-301~SR308 FOR ROTARY CUP BNR,,,,,,,,
,07-008-01,G,O-RING FOR MAIN SHAFT,SR-301 ( 74.5X3.0 ),PC,1.0,,,6.0,,
,07-008-02,G,O-RING FOR CUP HUB COVER,SR-302  ( 89X3.0 ),PC,1.0,,,6.0,,
,07-008-03,G,O-RING FOR DISTRIBUTOR,SR-303 ( 19.2X3.0 ),PC,1.0,,,8.0,,
,07-008-04,G,O-RING FOR DISTRIBUTOR,SR-303 ( 51.6X2.4 ),PC,1.0,,,9.0,,
,07-008-05,G,O-RING FOR DISTRIBUTOR,SR-303 ( 44.6X2.4 ),PC,4.0,,,1.0,,
07.        AUX. BOILER,07-009,,"OIL BURNNER O-RINGS SR-301~SR308 
FOR F0 FLOW ONTROL  VALVE",,,,,,,,
,07-009-01,G,O-RING for  SPINDLE,"SR-304 ,( 15.3 X 2.4 )",PC,2.0,,,1.0,,
,07-009-02,G,O-RING for t Valve SLEEVE,"SR-304 , ( 22.1 X 2.6 )",PC,4.0,,,1.0,,
07.        AUX. BOILER,07-010,,"OIL BURNNER O-RINGS SR-301~SR308
FOR FLAXIBEL OIL TUBE",,,,,,,,
,07-010-01,G,O-RING FOR CABLE FLANGE,S R-306( 39.6 X 2.4 ),PC,1.0,,,2.0,,
,07-010-02,G,O-RING FOR CABLE GLAND,SR-307  ( 2.67 X 1.78 ),PC,4.0,,,15.0,,
,07-010-03,G,TEFLON RING FOR CABLE GLAND,SR-308  ( 3X6X2 ),PC,6.0,,,1.0,,
,07-010-04,G,OIL SOLENOID VALVE,"R701 ,HO-03-215",PC,2.0,,,0.0,,
,07-010-05,G,STEAM SOLENOID VALVE,"R701,  APK-11",PC,1.0,,,0.0,,
,07-010-06,G,D.O. MIX SOLENOID VALVE,R609,PC,1.0,,,0.0,,
,07-010-07,G,MAIN F.O. SOLENOID VALVE,R608,PC,1.0,,,0.0,,
,07-010-08,G,NOZZLE HOLDER,R108002,PC,1.0,,,1.0,,
,07-010-08,G,D.O. INLET RING JOINT,R10800Q,PC,1.0,,,0.0,,
,07-010-09,G,COMBUSTION AIR INLET(RING JOINT),R10800A,PC,1.0,,,0.0,,
,07-010-10,G,"PNEUMATIC VALVE POSITIONER 
AND AIR REGULATOR W/ FILTER",,PC,1.0,,,1.0,,
07.        AUX. BOILER,07-011,,F.O. PUMP ( KRAL - DS4 ),,,,,,,,
,07-011-01,G,FUEL PUMP ASS'Y,,PC,1.0,,,1.0,,
,07-011-02,G,BALL BEARING,,PC,1.0,,,2.0,,
,07-011-03,G,KEY,,PC,1.0,,,1.0,,
,07-011-04,G,O-RING,739.1,PC,3.0,,,3.0,,
,07-011-05,G,O-RING,739.2,PC,3.0,,,3.0,,
,07-011-06,G,O-RING,739.3,PC,3.0,,,3.0,,
,07-011-07,G,MOUNTING RING,,PC,1.0,,,1.0,,
,07-011-08,G,SOCKET SCREW,,PC,4.0,,,1.0,,
,07-011-09,G,DISTANCE SLEEVE,,PC,1.0,,,1.0,,
,07-011-10,G,BALANCE SLEEVE,,PC,1.0,,,1.0,,
,07-011-11,G,MECHANICAL SEAL,456.0,SET,2.0,,,1.0,,
,07-011-12,G,COUPLING INSERT set,,PC,2.0,,,1.0,,
,07-011-13,G,CIRCLIP,,PC,1.0,,,1.0,,
,07-011-14,G,COUPLING SPIDER,CR,PC,1.0,,,1.0,,
07.        AUX. BOILER,07-012,BURNER CONTROL PANEL,,,,,,,,,
,07-012-01,G,E-101 MAGNETIC SWITCH,SN-4W SIZE(88X240X123),PC,1.0,,,1.0,,
,07-012-02,G,E-101 MAGNETIC SWITCH,SW-2SN SIZE(88X215X123),PC,1.0,,,1.0,,
,07-012-03,G,E-101 MAGNETIC SWITCH,SW-1N/2L SIZE(74X198X103),PC,1.0,,,1.0,,
,07-012-04,G,E-101 MAGNETIC SWITCH,SW-5-1 SIZE(64X126X81),PC,2.0,,,2.0,,
,07-012-05,G,E-101 MAGNETIC SWITCH,SW-05 SIZE(53X120X80),PC,5.0,,,1.0,,
,07-012-06,G,E-102 AUXILIARY RELAY,G2R-2SN  29X34X13,PC,15.0,,,1.0,,
,07-012-07,G,E-103 DELAY RELAY,MS4SA,PC,1.0,,,1.0,,
,07-012-08,G,E-103 DELAY RELAY,MS4SC,PC,2.0,,,1.0,,
,07-012-09,G,E-103 DELAY RELAY,MS4SF,PC,1.0,,,1.0,,
,07-012-10,G,E-104 FLAME EYE RELAY FE-61R,FE-61R,PC,1.0,,,1.0,,
,07-012-11,G,E-105 PUSH BOTTON SWITCH,,PC,2.0,,,1.0,,
,07-012-12,G,E-106 SELECT SWITCH,2 NOTCH,PC,3.0,,,1.0,,
,07-012-13,G,E-106 SELECT SWITCH,3 NOTCH,PC,7.0,,,0.0,,
,07-012-14,G,E-107 FUSE CASE,,PC,5.0,,,1.0,,
,07-012-15,G,E-108 FUSE ELEMENT,"3A,",PC,1.0,,,1.0,,
,07-012-16,G,E-108 FUSE ELEMENT,5A,PC,2.0,,,2.0,,
,07-012-17,G,E-108 FUSE ELEMENT,10A,PC,2.0,,,2.0,,
07.        AUX. BOILER,07-013,,BOILER BODY PACKINGS,,,,,,,,
,07-013-01,G,MANHOLE PACKING,305 x 405,PC,1.0,,,6.0,,
,07-013-02,G,MUD HOLE PACKING,(ø160 t=3),PC,1.0,,,15.0,,
,07-013-03,G,CLEANING HOLE PACKING,(BIG SIZE),PC,1.0,,,1.0,,
,07-013-04,G,CLEANING HOLE PACKING,(SMALL SIZE),PC,1.0,,,1.0,,
,07-013-05,G,INPECTION HOLE PACKING,,PC,1.0,,,1.0,,
07.        AUX. BOILER,07-014,,SAFETY VALVE,,,,,,,,
,07-014-01,G,SAFETY VALVE,"SPRING (H:185, SPRING ø79 COIL WIREø6.5)",PC,1.0,,,1.0,,
07.        AUX. BOILER,07-016,,GAUGE COCK & REFLEX WATER LEVEL GAUGE,,,,,,,,
,07-016-01,G,CASW FOR WATER LEVEL GAUGE,S-21 (COMPLETE),PC,1.0,,,1.0,,
,07-016-02,G,REFLEX GAUGE GLASS,"S-22 , K-3",PC,1.0,,,1.0,,
,07-016-03,G,PACKING FOR REFLEX GAUGE GLASS,"S-23 , K-4",PC,1.0,,,1.0,,
,07-016-04,G,CUSHION PACKING FOR REFLEX GAUGE,"S-24 , K-5",PC,1.0,,,3.0,,
,07-016-05,G,SLEEVE PACKING FOR GAUGE COCK,"S-25 , 16,17",PC,3.0,,,1.0,,
,07-016-06,G,GLAND PACKING FOR GAUGE COCK,"S-26,18",PC,1.0,,,1.0,,
,07-016-07,G,COPPER PACKING FOR GAUGE COCK,S-27,PC,1.0,,,1.0,,
,07-016-08,G,"GAUGE GLASS, 280 MM X 34 MM",,PC,,2.0,,2.0,,
,07-016-09,G,GAUGE GLASS PACKING,,PC,,2.0,,2.0,,
08.        PUMP / MOTOR,08-001,,DRAIN COOLER COOLING S.W. PUMP,,,,,,,,
,08-001-01,G,Impeller,10.0,PC,1.0,0.0,1.0,0.0,,Overhauled 11-09-2025
,08-001-02,G,Coupling Bolt Complete,47S,PC,0.0,,,0.0,,
,08-001-03,G,Pump Shaft,11.0,PC,1.0,0.0,1.0,0.0,,Overhauled 11-09-2025
,08-001-04,G,Key For Impeller,K10,PC,0.0,0.0,,0.0,,
,08-001-05,G,Mouth Ring,,PC,2.0,0.0,1.0,1.0,,Overhauled 11-09-2025
,08-001-06,G,mechanical seal,,PC,2.0,0.0,1.0,1.0,,Overhauled 11-09-2025
,08-001-07,G,rigid coupling,,PC,0.0,1.0,,1.0,,
,08-001-08,G,Key For Coupling,K52,PC,2.0,,,2.0,,
,08-001-09,G,Impeller Nut,14.0,PC,2.0,0.0,1.0,1.0,,Overhauled 11-09-2025
,08-001-10,G,Impeller Washer,23.0,PC,0.0,,,0.0,,
08.        PUMP / MOTOR,08-002,,HOT WATER CIRCULATING PUMP,,,,,,,,
,08-002-01,G,Impeller,10.0,PC,0.0,,,0.0,,
,08-002-02,G,Coupling Bolt Complete,47S,PC,0.0,,,4.0,,
,08-002-03,G,Pump Shaft,11.0,PC,0.0,,,0.0,,
,08-002-04,G,Key For Impeller,K10,PC,0.0,,,0.0,,
,08-002-05,G,Mechanical Seal,32.0,PC,,1.0,,1.0,,
,08-002-06,G,Neck Bush,24.0,PC,,1.0,,1.0,,
,08-002-07,G,Mouth Ring,22.0,PC,,1.0,,1.0,,
08.        PUMP / MOTOR,08-003,,"NO. 1 & 2 SEA WATER SERVICE PUMP, HLY-55M",Drawing NO; 805441A,,,,,,,
,08-003-01,G,Impeller,10.0,PC,0.0,1.0,,1.0,,"4,4,42025 @ Ulsan received"
,08-003-02,G,Coupling Bolt Complete,47S,SET,0.0,2.0,,14.0,,
,08-003-03,G,Pump Shaft,11.0,PC,0.0,1.0,,1.0,,"27,07,42025 received"
,08-003-04,G,Key For Impeller,K10,PC,0.0,2.0,,3.0,,
,08-003-05,G,Water shelter,29.0,PC,0.0,2.0,,2.0,,
,08-003-06,G,Neck Bush,24.0,PC,0.0,1.0,,1.0,,"4,4,42025 @ Ulsan received"
,08-003-07,G,Mouth Ring,22.0,PC,0.0,2.0,,2.0,,"27,07,42025  received"
,08-003-08,G,O-ring,61.0,PC,0.0,,,2.0,,
,08-003-09,G,Impeler Nut,14.0,PC,0.0,2.0,,2.0,,"4,4,42025 @ Ulsan received"
,08-003-010,G,Impeler washer,23.0,PC,0.0,,,2.0,,"4,4,42025 @ Ulsan received"
,08-003-011,G,mechanical seal ; John crane type,32.0,PC,1.0,2.0,1.0,2.0,,"27,07,42025 received"
,08-003-012,G,seal stopper,33.0,PC,0.0,1.0,,1.0,,
,08-003-013,G,o'ring,38.0,PC,0.0,1.0,,1.0,,
,08-003-014,G,rigid coupling,,PC,0.0,1.0,,1.0,,"27,07,42025  received"
08.        PUMP / MOTOR,08-004-01,G,NO.1&2 BOILER FEED WATER PUMP,54S,PC,,,,8.0,,
,08-004-02,G,Coupling Bolt Complete,55,PC,,,,1.0,,
,08-004-03,G,Buffer Ring,45A,PC,,,,2.0,,
,08-004-04,G,Felt Ring,45B,PC,,,,0.0,,
,08-004-05,G,Felt Ring,22,PC,,,,2.0,,
,08-004-06,G,Mouth Ring,10S,SET,,1.0,,1.0,,
,08-004-07,G,Impeller Complete,32,SET,,1.0,,1.0,,
08.        PUMP / MOTOR,08-005,,NO. 1&2 EXH. GAS ECON. CIRC. PUMP,,,,,,,,
,08-005-01,G,mechanical seal,,PC,1.0,,,1.0,,
,08-005-02,G,Impeller,10.0,PC,1.0,,,1.0,,"4,4,42025 @ Ulsan received"
,08-005-03,G,Coupling Bolt Complete,54S,PC,6.0,,,6.0,,"4,4,42025 @ Ulsan received"
,08-005-04,G,Buffer Ring,55.0,PC,6.0,,,6.0,,"4,4,42025 @ Ulsan received"
,08-005-05,G,Felt Ring,55.0,PC,2.0,,,2.0,,"4,4,42025 @ Ulsan received"
,08-005-06,G,Mechanical Seal,32.0,PC,1.0,,,1.0,,"4,4,42025 @ Ulsan received"
,08-005-07,G,BALL BEARING,16A,PC,1.0,,,1.0,,"4,4,42025 @ Ulsan received"
,08-005-08,G,BALL BEARING,16B,PC,1.0,,,1.0,,"4,4,42025 @ Ulsan received"
08.        PUMP / MOTOR,08-006,,"NO. 1&2 FRESH WATER SERVICE PUMP &
 BOILER FRESH WATER PUMP",,,,,,,,
,08-006-01,G,Key for Coupling,DWG. NO. 808735J,PC,0.0,,,1.0,,
,08-006-02,G,Impeller,DWG. NO. 808735J,PC,0.0,,,1.0,,
,08-006-03,G,Reamer Bolt Complete,DWG. NO. 808735J,PC,0.0,,,2.0,,
,08-006-04,G,Pump Shaft,DWG. NO. 808735J,PC,0.0,,,6.0,,
,08-006-05,G,Key for Impeller,DWG. NO. 808735J,PC,0.0,,,6.0,,
08.        PUMP / MOTOR,08-007,,PUMP ROOM TANK CLEANING PUMP,,,,,,,,DECK PUMP
,08-007-01,G,Mechanical seal,10.0,PC,1.0,,,1.0,,
,08-007-02,G,Impeller,54S,PC,8.0,,,8.0,,
,08-007-03,G,Coupling Bolt Complete,55.0,PC,8.0,,,8.0,,
,08-007-04,G,Buffer Ring,45A,PC,1.0,,,1.0,,
,08-007-05,G,Felt Ring,45B,PC,1.0,,,1.0,,
,08-007-06,G,Felt Ring,27.0,pc,2.0,0.0,,2.0,,
,08-007-07,G,Stage Bush,32.0,pc,4.0,0.0,,4.0,,
08.        PUMP / MOTOR,08-008,,A/E. FUEL OIL FEED PUMP,,,,,,,,
,08-008-01,G,A/E. FUEL OIL FEED PUMP,P/N-101,PC,0.0,,,1.0,,
,08-008-02,G,DRIVE SHAFT,P/N-102,PC,0.0,,,1.0,,
,08-008-03,G,DRIVEN SHAFT,P/N-103,PC,0.0,,,1.0,,
,08-008-04,G,DRIVE GEAR,P/N-104,PC,0.0,,,1.0,,
,08-008-05,G,DRIVEN GEAR,P/N-105,PC,0.0,,,1.0,,
08.        PUMP / MOTOR,08-009,,BALLAST PUMP HEISHIN PK-300E,,,,,,,,
,08-009-01,G,KEY,10.0,PC,0.0,,,,1.0,
,08-009-02,G,Impeller,54S,PC,0.0,,,0.0,,
,08-009-03,G,Coupling Bolt Complete,55.0,PC,0.0,,,8.0,,
,08-009-04,G,Buffer Ring,45A,PC,0.0,,,2.0,,
,08-009-05,G,Felt Ring,45B,PC,0.0,,,1.0,,
,08-009-06,G,Felt Ring,22.0,PC,2.0,,,1.0,,
08.        PUMP / MOTOR,08-010,,C.F.O. TRANSFER PUMP (TAIKO KIKAI NHG-5MA),,,,,,,,
,08-010-01,G,Mouth Ring,201/2,PC,1.0,,,1.0,,
,08-010-02,G,Bearing Metal,201/1,PC,1.0,,,3.0,,
,08-010-03,G,Bearing Metal,707,PC,0.0,,,1.0,,
,08-010-04,G,Spring,520,PC,1.0,,,4.0,,
,08-010-05,G,Mechanical Seal,305,PC,0.0,,,4.0,,
08.        PUMP / MOTOR,08-011,,"HIGH TEMP, COOLING F.W.PUMP (HEISHIN PUMP / HLY-35F, DRW NO.: 805380",,,,,,,,
,08-011-01,G,Coupling Bolt & Nut,32,PC,,1.0,,1.0,,RECEIVE ULSAN 14 may 25
,08-011-02,G,"MECHANICAL SEAL, 29MM(I.D)X42.5MM",22.0,PC,1.0,2.0,1.0,2.0,,"27,07,42025  received"
,08-011-03,G,MOUTH RING,24,PC,1.0,2.0,1.0,2.0,,"27,07,42025  received"
,08-011-04,G,Neck Bush,61,PC,,2.0,,2.0,,RECEIVE ULSAN 14 may 25
,08-011-05,G,impeller,10,PC,,1.0,,1.0,,"27,07,42025  received"
,08-011-06,G,pump shuft,11,PC,,1.0,,1.0,,"27,07,42025  received"
,08-011-07,G,coupling,52 /53,PC,,1.0,,1.0,,"27,07,42026  received"
10.        MAIN AIR COMPRESSOR and RELATED MACHINERY / SYSTEM,10-001,,Main Air Compressor ;MH 114A,,,,,,,,
,10-001-02,G,L.P. Piston Ring (4pcs/set),6.0,SET,2.0,0.0,1.0,1.0,,RECEIVE ULSAN 14 may 25
,10-001-03,G,5.0,15a/ 15b,PC,2.0,0.0,1.0,1.0,,RECEIVE ULSAN 14 may 25
,10-001-04,G,Piston Pin,8.0,PC,2.0,0.0,0.0,2.0,,
,10-001-05,G,Piston Pin Metal,9.0,PC,2.0,0.0,0.0,2.0,,RECEIVE ULSAN 14 may 25
,10-001-06,G,Crank Pin Metal,19.0,PC,1.0,0.0,,1.0,,
,10-001-07,G,Main bearing,,PC,1.0,,0.0,1.0,,
,10-001-08,G,L.P. Valve completed,,PC,4.0,0.0,1.0,3.0,,RECEIVE ULSAN 14 may 25
,10-001-09,G,H.P. suction Valve completed,,PC,4.0,0.0,1.0,3.0,,RECEIVE ULSAN 14 may 25
,10-001-10,G,H.P. delivery Valve completed,22.0,PC,4.0,0.0,1.0,3.0,,RECEIVE ULSAN 14 may 25
,10-001-11,G,Rod oil scraper,17.0,PC,1.0,0.0,,1.0,,
,10-001-12,G,Main bearing case No.1,5.0,PC,1.0,0.0,0.0,1.0,,RECEIVE ULSAN 14 may 25
,10-001-13,G,Crank pin metal,18.0,set,1.0,0.0,,1.0,,RECEIVE ULSAN 14 may 25
,10-001-14,G,main bearing,17.0,PC,1.0,0.0,,1.0,,RECEIVE ULSAN 14 may 25
,10-001-15,G,Crank shaft complete,20.0,PC,1.0,0.0,0.0,1.0,,RECEIVE ULSAN 14 may 25
,10-001-16,G,H P piston ring and scrabber ring set,15a /15b,SET,2.0,0.0,,2.0,,RECEIVE ULSAN 14 may 25
,10-001-17,G,Connecting rod,16.0,PCS,2.0,0.0,,2.0,,RECEIVE ULSAN 14 may 25
,10-001-18,G,L P piston ring and scrabber ring set,6.0,SET,2.0,0.0,,2.0,,RECEIVE ULSAN 14 may 25
,10-001-19,G,connectiong rod,16.0,PCS,2.0,0.0,0.0,2.0,,RECEIVE ULSAN 14 may 25
,10-001-20,G,KEY,,PCS,2.0,0.0,0.0,2.0,,RECEIVE ULSAN 14 may 25
,10-001-21,G,L P PRESSURE VALVE PLATE ( SUC/ DEL),,PAIR,5.0,0.0,2.0,3.0,,RECEIVE ULSAN 14 may 25
,10-001-22,G,HP PRESSURE VALVE PLATE( SUC/DEL),,PAIR,5.0,0.0,2.0,3.0,,RECEIVE ULSAN 14 may 25
,10-001-23,G,CYLINDER,,,0.0,0.0,,0.0,1.0,USED ONE
10.        MAIN AIR COMPRESSOR and RELATED MACHINERY / SYSTEM,10-002,,Em'cy  Compressor ( Sanwa Iron Works TYPE : GS2A),,,,,,,,
,10-002-01,G,,6-1-3,PC,1.0,,,1.0,,
,10-002-02,G,"L.P. Piston Ring (3pcs/set)   Comp Ring 2psc, Oil Ring 1pc",15-1-3,PC,1.0,,,1.0,,
,10-002-03,G,"H.P. Piston Ring (3pcs/set)   Comp Ring 2psc, Oil Ring 1pc",10,PC,1.0,,,1.0,,
,10-002-04,G,L.P. Piston Pin Metal,19,PC,1.0,,,1.0,,
,10-002-05,G,H.P. Piston Pin Metal,11,PC,1.0,,,1.0,,
,10-002-06,G,L.P. Crank Pin Metal,,,,,,,,
,,,,,,,,,,,
,,,,,,,,,,,
,,,PURIFIER FRAME&COVER ASSL(MITSUBISHI SJ15F),,,,,,,,
12,12-001-01,G,CONNECTING FLANGE,100667001.0,PC,1.0,,,1.0,,
,12-001-02,G,LOWER FRAME,F1012045C,PC,0.0,,,0.0,,
,12-001-03,G,BOLT,H1012D1,PC,0.0,,,0.0,,
,12-001-04,G,SPRING WASHER,E10810J1,PC,1.0,,,0.0,,
,12-001-05,G,SET SCREW,L01400805,PC,0.0,,,0.0,,
,12-001-06,G,GASKET,NA0015C1,PC,0.0,,,0.0,,
,12-001-07,G,PLUG,292259001,PC,0.0,,,0.0,,
,12-001-08,G,GEAR COVER,F1008012C,PC,0.0,,,0.0,,
,12-001-09,G,BOLT,436163001,PC,0.0,,,0.0,,
,12-001-10,G,GASKET,453010001,PC,0.0,,,0.0,,
,12-001-11,G,PLUG,N1D040C1,PC,0.0,,,0.0,,
,12-001-12,G,45' STREET ELBOW,450578001,PC,0.0,,,0.0,,
,12-001-13,G,45' BENT,450538001,PC,0.0,,,0.0,,
,12-001-14,G,OIL GAUGE RETAINER,F1008020C,PC,0.0,,,0.0,,
,12-001-15,G,BOLT,L06805010,PC,5.0,,,5.0,,
,12-001-16,G,GASKET,403809001,PC,4.0,,,4.0,,
,12-001-17,G,SIGHT GLASS,420695001,PC,0.0,,,0.0,,
,12-001-18,G,RUBBER PLATE,453011001,PC,0.0,,,0.0,,
,12-001-19,G,PLUG,100669001,PC,0.0,,,0.0,,
,12-001-20,G,UPPER FRAME,A20490,PC,0.0,,,3.0,,
,12-001-21,G,ORING,A80377A,PC,0.0,,,0.0,,
,12-001-22,G,ORING,F3012030,PC,0.0,,,0.0,,
,12-001-23,G,SOCKET CAP SCREW,292258001,PC,0.0,,,0.0,,
,12-001-24,G,BRACKET,F1008020C,PC,0.0,,,0.0,,
,12-001-25,G,BOLT,A10024A,PC,14.0,,,14.0,,
,12-001-26,G,ORING,NA0008C1,PC,0.0,,,0.0,,
,12-001-27,G,PLUG,451346001,PC,0.0,,,0.0,,
,12-001-28,G,PRESSURE GAUGE-242,414378001,PC,0.0,,,0.0,,
,12-001-29,G,FLOWMETER-241,100670001,PC,0.0,,,0.0,,
,12-001-30,G,TRAP,F3010016G,PC,0.0,,,0.0,,
,12-001-31,G,SOCKET CAP SCREW,450557001,PC,0.0,,,0.0,,
,12-001-32,G,HANDLE,F3006012G,PC,0.0,,,0.0,,
,12-001-33,G,SOCKET CAP SCREW,453011001,PC,0.0,,,0.0,,
,12-001-34,G,PLUG,314522001,PC,0.0,,,0.0,,
,12-001-35,G,NIPPLE,200923001,PC,2.0,,,2.0,,RECEIVE BUSAN 14 jun 2024
,12-001-36,G,UPPER HOOD,F3008016G,PC,6.0,,,6.0,,RECEIVE BUSAN 14 jun 2024
,12-001-37,G,SOCKET CAP SCREW,E400610G5,PC,6.0,,,6.0,,RECEIVE BUSAN 14 jun 2024
,12-001-38,G,SOCKET SET SCREW,A10024A,PC,12.0,,,12.0,,RECEIVE BUSAN 14 jun 2024
,12-001-39,G,ORING,450566001,PC,2.0,,,2.0,,
,12-001-40,G,THERMOMETER,315938001,PC,0.0,,,0.0,,
,12-001-41,G,COVER NUT,A10016A,PC,0.0,,,0.0,,
,12-001-42,G,ORING,315939103,PC,1.0,,,1.0,,
,12-001-43,G,INLET PIPE,G1022A110,PC,0.0,,,0.0,,
,12-001-44,G,NUT,316016001,PC,0.0,,,2.0,,
,12-001-45,G,IMPELLER,A10032A,PC,1.0,,,25.0,,
,12-001-46,G,ORING,315215102,PC,0.0,,,0.0,,
,12-001-47,G,CONNECTING PIPE 2,L04403215,PC,1.0,,,0.0,,
,12-001-48,G,GASKET,409275001,PC,0.0,,,0.0,,
,12-001-49,G,UNION NUT,450567001,PC,7.0,,,7.0,,
,12-001-50,G,ORING RETAINER,LO4003215,PC,10.0,,,10.0,,RECEIVE BUSAN 14 jun 2024
,12-001-51,G,GASKET,319987106,PC,0.0,,,0.0,,
,12-001-52,G,CONNECTING PIPE 1,L04403215,PC,0.0,,,0.0,,
,12-001-53,G,GASKET,316052106,PC,0.0,,,0.0,,
,12-001-54,G,CONNECTING PIPE 3,L04803415,PC,0.0,,,0.0,,
,12-001-55,G,GASKET,L04403216,PC,0.0,,,0.0,,
,12-001-56,G,GASKET,316719106,PC,1.0,,,1.0,,
,12-001-57,G,H2O CONNECT PIPE,314291102,PC,1.0,,,1.0,,
,12-001-58,G,OPER H2O TUBE,316028103,PC,1.0,,,1.0,,
,12-001-59,G,SEAL H2O TUBE,315078001,PC,1.0,,,1.0,,
,12-001-60,G,SLUDGE PIPE,NB0100G0,PC,1.0,,,1.0,,
,12-001-61,G,HOSE BAND,201009103,PC,1.0,,,1.0,,
12.        PURIFIER & PURIFIER RELATED AUX. MACHINERY / SYSTEM,12-002,,BOWL ASSEMBLY,,,,,,,,
,12-002-01,M,CONNECTING FLANGE,100641001,PC,0.0,,,0.0,,
,12-002-02,G,BOWL BODY,AA0033F,PC,0.0,,,0.0,,
,12-002-03,G,ORING,436171001,PC,0.0,,,0.0,,
,12-002-04,G,KNOCK PIN,450553001,PC,2.0,,,2.0,,
,12-002-05,G,DRAIN NOZZLE,200825001,PC,4.0,,1.0,3.0,,
,12-002-06,G,MAIN CYLINDER,200927001,PC,0.0,,,0.0,,
,12-002-07,G,MAIN CYLINDER,452350001,PC,0.0,,,0.0,,
,12-002-08,G,PIN,408185002,PC,10.0,0.0,,10.0,,RECEIVE BUSAN 14 jun 2024
,12-002-09,G,ORING,200829001,PC,0.0,,,0.0,,
,12-002-10,G,DISTRIBUTOR,452436001,PC,0.0,,,0.0,,
,12-002-11,G,PIN,450463001,PC,0.0,,,0.0,,
,12-002-12,G,KEY,316597102,PC,5.0,,,5.0,,
,12-002-13,G,DISC ( 1 ),316599102,PC,1.0,,,1.0,,
,12-002-14,G,UPPER DISC,200822104,PC,0.0,,,0.0,,
,12-002-15,G,TOP DISC,A30080B,PC,11.0,,,11.0,,
,12-002-16,G,ORING,100630001,PC,0.0,,,0.0,,
,12-002-17,G,BOWL HOOD,A43106B,PC,16.0,,,16.0,,
,12-002-18,G,ORING,A00250B,PC,14.0,,0.0,14.0,,
,12-002-19,G,ORING,436022001,PC,8.0,0.0,,8.0,,RECEIVE BUSAN 14 jun 2024
,12-002-20,G,MAIN SEAL RING,200824001,PC,5.0,0.0,1.0,4.0,,17.05.2025
,12-002-21,G,BOWL  NUT,315784001,PC,0.0,,,0.0,,
,12-002-22,G,LIGHT LIQ. CHAMBER,,PC,6.0,,1.0,5.0,,
,12-002-23,G,GRAVITY DISC,315794001,PC,0.0,,,0.0,,
,12-002-24,G,DISC NUT,436170001,PC,1.0,,,1.0,,
,12-002-25,G,BOWL BUSH,450427001,PC,5.0,,2.0,3.0,,
,12-002-26,G,CAP NUT,317750001,PC,2.0,,,2.0,,
,12-002-27,G,VALVE GUIDE,A10011F,PC,16.0,0.0,,16.0,,RECEIVE BUSAN 14 jun 2024
,12-002-28,G,ORING,A42017F,PC,12.0,0.0,2.0,10.0,,RECEIVE BUSAN 14 jun 2024
,12-002-29,G,ORING,450428001,PC,2.0,,,2.0,,
,12-002-30,G,PILOT VALVE,66821,PC,6.0,0.0,2.0,4.0,,17.05.2025
,12-002-31,G,PILOT VALVE,A42017F,PC,1.0,,,1.0,,
,12-002-32,G,ORING,436000001,PC,8.0,,2.0,6.0,,
,12-002-33,G,VALVE SEAT,A41013F,PC,10.0,0.0,2.0,8.0,,RECEIVE BUSAN 14 jun 2024
,12-002-34,G,ORING,450489001,PC,4.0,0.0,,4.0,,RECEIVE BUSAN 14 jun 2024
,12-002-35,G,VALVE NUT,315939103,PC,3.0,,1.0,2.0,,
,12-002-36,G,INLET PIPE,316016001,PC,0.0,,,0.0,,
,,,,,,,,,,,
12.        PURIFIER & PURIFIER RELATED AUX. MACHINERY / SYSTEM,12-003,M,VERTICAL SHAFT ASSEMBLY,,,,,,,,
,12-003-02,M,VERTICAL SHAFT 50H,100671001,PC,1.0,,,1.0,,17.05.2025
,12-003-03,G,VERTICAL SHAFT 60H    ( 501),J3008C0,PC,1.0,3.0,,4.0,,Received at Ulsan 06.09.2025
,12-003-04,G,LOCK WASHER,12008C0,PC,1.0,,,1.0,,
,12-003-05,G,LOCT NUT,200885001,PC,0.0,3.0,,3.0,,Received at Ulsan 06.09.2025
,12-003-06,G,BEARING HOUSING 1,A20155A,PC,0.0,,,0.0,,
,12-003-07,G,ORING,450524001,PC,0.0,,,0.0,,
,12-003-08,G,SPRING RETAINER 1,450523001,PC,6.0,,,6.0,,
,12-003-09,G,SPRING CASE,411981001,PC,6.0,,,6.0,,
,12-003-10,G,UPPER SPRING,314257001,PC,0.0,2.0,,2.0,,Received at Ulsan 06.09.2025
,12-003-11,G,BEARING SLEEVE,314256001,PC,0.0,2.0,,2.0,,Received at Ulsan 06.09.2025
,12-003-12,G,BEARING CASE  1,116308J8,PC,1.0,2.0,0.0,3.0,,Received at Ulsan 06.09.2025
,12-003-13,G,BALL BEARING 1,C106015A2,PC,2.0,0.0,,2.0,,RECEIVE ULSAN ;17 may 25
,12-003-14,G,KEY,200900001,PC,0.0,6.0,,6.0,,Received at Ulsan 06.09.2025
,12-003-15,G,BEARING COVER 1,F1012080C,PC,0.0,,,0.0,,
,12-003-16,G,BOLT,H1012D1,PC,0.0,,,0.0,,
,12-003-17,G,SPRING WASHER,450525001,PC,0.0,0.0,0.0,0.0,,RECEIVE BUSAN 14 jun 2024
,12-003-18,G,BEARING CAP 1,A20035A,PC,5.0,2.0,0.0,7.0,,Received at Ulsan 06.09.2025
,12-003-19,G,ORING,450526001,PC,3.0,,,3.0,,
,12-003-20,G,BEARING CAP 2,A20035A,PC,4.0,,0.0,4.0,,
,12-003-21,G,ORING,436164001,PC,5.0,,,5.0,,
,12-003-22,G,FLAT SPRING,1,PC,5.0,,0.0,5.0,,
,12-003-23,G,SPACER 1,314254001,PC,2.0,,0.0,2.0,,
,12-003-24,G,MIST COVER,200886001,PC,0.0,,,0.0,,
,12-003-25,G,BEARING HOUSING 2,A10100A,PC,9.0,,,9.0,,
,12-003-26,G,ORING,F1008030C,PC,0.0,,,0.0,,
,12-003-27,G,BOLT,H1008D1,PC,0.0,,,0.0,,
,12-003-28,G,SPRING WASHER,H4022A2,PC,3.0,,,3.0,,
,12-003-29,G,WASHER,314258001,PC,0.0,,,0.0,,
,12-003-30,G,BEARING CASE  2,142305J1,PC,0.0,0.0,,0.0,,RECEIVE BUSAN 14 jun 2024
,12-003-31,G,BEARING 2,C106015A2,PC,2.0,0.0,,2.0,,RECEIVE ULSAN ;17 may 25
,12-003-32,G,KEY,315940001,PC,0.0,0.0,,0.0,,
,12-003-33,G,BEARING CASE 3,127305J2,PC,0.0,0.0,,0.0,,RECEIVE BUSAN 14 jun 2024
,12-003-34,G,BALL BEARING 3,B4006016D,PC,2.0,0.0,,2.0,,RECEIVE ULSAN ;17 may 25
,12-003-35,G,SPRING PIN,436493001,PC,4.0,,,4.0,,
,12-003-36,G,SPACER 2,436153001,PC,0.0,,,0.0,,
,12-003-37,G,SPRING SEAT,J1016J0,PC,8.0,,,8.0,,
,12-003-38,G,STEEL BALL,436149001,PC,2.0,,,2.0,,
,12-003-39,G,BEARING COVER 2,436150001,PC,3.0,,,3.0,,
,12-003-40,G,COLLAR,456501001,PC,1.0,0.0,,1.0,,RECEIVE BUSAN 14 jun 2024
,12-003-41,G,LOWER SPRING,314263001,PC,1.0,,,1.0,,
,12-003-42,G,OPER  H2O DISC,F3008016B,PC,6.0,,,6.0,,
,12-003-43,G,SOCKET CAP SCREW,314261001,PC,1.0,,,1.0,,
,12-003-44,G,OPER  H2O NOZZLE,F6005020B,PC,6.0,,,6.0,,
,12-003-45,G,SOCKET CAP SCREW,314262001,PC,1.0,,,1.0,,
,12-003-46,G,OPER H2O CHAMBER,F1004008B,PC,0.0,,0.0,0.0,,
,12-003-47,G,BOLT,H5004B2,PC,0.0,,,0.0,,
,12-003-48,G,TONGUED WASHER,A90080A,PC,10.0,,,10.0,,
,12-003-49,G,ORING,314260001,PC,1.0,,,1.0,,
,12-003-50,G,CHAMBER COVER,E400608G7,PC,2.0,,,2.0,,
,12-003-51,G,SOCKET SET SCREW,436155001,PC,5.0,,,5.0,,
,12-003-52,G,ORING             ( 126/127  / 131),126/127 / 131,PC,20.0,0.0,4.0,16.0,,14/06/2025
,12-003-53,G,ORING,102/107/117,PC,3.0,0.0,,3.0,,14/06/2025
,12-003-54,G,ORING,323.0,PC,7.0,5.0,4.0,8.0,,28.07-2025
,12-003-55,G,LIGHY LIQUID CHAMBER,120.0,PC,1.0,0.0,1.0,1.0,,14/06/2025
,12-003-56,G,ORING,116.0,PC,24.0,5.0,10.0,19.0,,28.07-2025
,12-003-57,G,CAP NUT,124.0,PC,2.0,0.0,0.0,2.0,,0.0
,12-003-58,G,BOWL BUSH,123.0,PC,4.0,0.0,1.0,3.0,,.
,12-003-59,G,VALVE NUT,132.0,PC,8.0,0.0,0.0,8.0,,……………………………………
,12-003-60,G,VALVE GUIDE,125.0,PC,7.0,0.0,0.0,7.0,,RECE ULSAN ;17 may 25
,12-003-61,G,VALVE SEAT,130.0,PC,7.0,0.0,0.0,7.0,,RECE ULSAN ;17 may 25
,12-003-62,G,MAIN SEAL RING,118.0,PC,5.0,0.0,1.0,5.0,,RECE ULSAN ;17 may 25
,12-003-63,G,PILOT VALVE,,PC,1.0,0.0,1.0,1.0,,RECE ULSAN ;17 may 25
,12-003-64,G,O' RING,102.0,PC,0.0,10.0,0.0,10.0,,
,12-003-65,G,O' RING,117.0,PC,0.0,10.0,0.0,10.0,,
,12-003-66,G,O' RING,107.0,PC,0.0,10.0,0.0,10.0,,
,12-003-67,G,O' RING,114.0,PC,0.0,5.0,0.0,5.0,,
12.        PURIFIER & PURIFIER RELATED AUX. MACHINERY / SYSTEM,12-004,,HORIZONTAL SHAFT & BRAKE ASSEMBLY,,,,,,,,
,12-004-01,G,PACKING,200907001,PC,0.0,,,0.0,,
,12-004-02,G,BRAKE BOSS,F1008020C,PC,0.0,,,0.0,,
,12-004-03,G,BOLT,4095,PC,0.0,,,0.0,,
,12-004-04,G,BRAKE SPRING,450541001,PC,0.0,,,0.0,,
,12-004-05,G,BRAKE SHAFT,B4005032D,PC,0.0,,,0.0,,
,12-004-06,G,SPRING PIN,315956001,PC,0.0,,,0.0,,
,12-004-07,G,BRAKE HANDLE,315957001,PC,0.0,,,0.0,,
,12-004-08,G,BRAKE LINING,315960001,PC,0.0,,,0.0,,
,12-004-09,G,LINING BOSS,E10051211,PC,0.0,,,0.0,,
,12-004-10,G,SET SCREW 2,200858001,PC,0.0,,,0.0,,
,12-004-11,G,HORIZONTAL SHAFT,116307J1,PC,1.0,0.0,,1.0,,RECEIVE BUSAN 14 jun 2024
,12-004-12,G,BALL BEARING 1,C110040A2,PC,1.0,,,1.0,,
,12-004-13,G,KEY,J2007C0,PC,2.0,,,2.0,,
,12-004-14,G,LOCK NUT,J3007C0,PC,5.0,,,5.0,,
,12-004-15,G,LOCK WASHER,D3035D2,PC,2.0,,,2.0,,
,12-004-16,G,RETAINING RING ©,E400620G6,PC,0.0,,,0.0,,
,12-004-17,G,SOCKET SET SCREW,100655001,PC,0.0,,,0.0,,
,12-004-18,G,BEARING HOUSING 3,K1456510A,PC,2.0,,,2.0,,
,12-004-19,G,OIL SEAL,A20270A,PC,6.0,0.0,,6.0,,RECEIVE BUSAN 14 jun 2024
,12-004-20,G,ORING,451058001,PC,0.0,,,0.0,,
,12-004-21,G,BEARING RETAINER,F1010030C,PC,0.0,,,0.0,,
,12-004-22,G,BOLT,20086001,PC,0.0,,,0.0,,
,12-004-23,G,GEAR BOSS,F1010030C,PC,0.0,,,0.0,,
,12-004-24,G,BOLT,H1010D1,PC,0.0,,,0.0,,
,12-004-25,G,SPRING WASHER,201036001,PC,0.0,,,0.0,,
,12-004-26,G,SPIRAL GEAR 50H,201035001,PC,1.0,,,1.0,,
,12-004-27,G,SPIRAL GEAR 60 H,450481001,PC,0.0,0.0,,0.0,,
,12-004-28,G,COLLAR,200859001,PC,1.0,,,1.0,,
,12-004-29,G,FRICTION PULLEY,200863001,PC,2.0,,,2.0,,
,12-004-30,G,FRICTION BOSS,E401012G7,PC,0.0,,,0.0,,
,12-004-31,G,SOCKET SET SCREW,385078105,PC,1.0,,,0.0,,
,12-004-32,G,FRICTION BLOCK 50H,385078105,PC,0.0,0.0,,6.0,,
,12-004-33,G,FRICTION BLOCK 60H,200856001,PC,0.0,,,0.0,,
,12-004-34,G,BEARING HOUSING 4,F1010025C,PC,0.0,,,1.0,,
,12-004-35,G,BOLT,A20140A,PC,1.0,0.0,,12.0,,
,12-004-36,G,ORING,K1456510A,PC,12.0,,,0.0,,
,12-004-37,G,OIL SEAL      ( SAME ),F1008020C,PC,0.0,,,0.0,,
,12-004-38,G,BOLT,451277001,PC,0.0,0.0,,0.0,,
,12-004-39,G,COLLAR,E400404G7,PC,0.0,0.0,,0.0,,
12.        PURIFIER & PURIFIER RELATED AUX. MACHINERY / SYSTEM,12-005,,GEAR PUMP ASSEMBLY,,,0.0,,,,,
,12-005-01,M,SOCKET SET SCREW,100355001,PC,0.0,,,0.0,,
,12-005-02,G,PUMP HOUSING,A20095A,PC,1.0,,,7.0,,
,12-005-03,G,ORING,K2254511F,PC,1.0,,,2.0,,
,12-005-04,G,OIL SEAL,D1045F1,PC,0.0,,,1.0,,
,12-005-05,G,RETAINING RING ©,F3010025G,PC,0.0,,,0.0,,
,12-005-06,G,SOCKET CAP SCREW,L04503520,PC,0.0,,,10.0,,
,12-005-07,G,GASKET,450608001,PC,0.0,,,0.0,,
,12-005-08,G,COVER,E200308CA,PC,0.0,,,0.0,,
,12-005-09,G,SET SCREW(3),315005001,PC,0.0,,,0.0,,
,12-005-10,G,DRIVE GEAR,325006001,PC,0.0,,,1.0,,
,12-005-11,G,DRIVEN GEAR,436184001,PC,0.0,,,2.0,,
,12-005-12,G,BUSH,292294001,PC,0.0,,,0.0,,
,12-005-13,G,VALVE CASE,F3010025G,PC,0.0,,,0.0,,
,12-005-14,G,SOCKET CAP SCREW,H1010D1,PC,0.0,,,0.0,,
,12-005-15,G,SPRING WASHER,A10032A,PC,2.0,,,0.0,,
,12-005-16,G,ORING,436254001,PC,0.0,,,0.0,,
,12-005-17,G,VALVE STEM,436185001,PC,0.0,,,0.0,,
,12-005-18,G,ADJUSTING SCREW,436186001,PC,0.0,,,0.0,,
,12-005-19,G,NUT,368519001,PC,1.0,,,0.0,,
,12-005-20,G,VALVE SPRING,436187001,PC,0.0,,,0.0,,
,12-005-21,G,CAP NUT,A10032A,PC,0.0,,,0.0,,
,12-005-22,G,ORING,409489001,PC,1.0,,,8.0,,
,12-005-23,G,SAFETY JOINT,319987106,PC,0.0,,,0.0,,
,12-005-24,G,CONNECTING TUBE 1,L04403215,PC,0.0,,,0.0,,
,12-005-25,G,GASKET,450244001,PC,0.0,,,0.0,,
,12-005-26,G,NIPPLE,450985001,PC,0.0,,,0.0,,
,12-005-27,G,ADAPTER,450986001,PC,0.0,,,0.0,,
12.        PURIFIER & PURIFIER RELATED AUX. MACHINERY / SYSTEM,12-006,,WATER FLOW RELATION,,,,,,,,
,12-006-01,M,NUT,0FDC40604,PC,0.0,,,0.0,,
,12-006-02,G,BODY,OFDC40605,PC,0.0,,,0.0,,
,12-006-03,G,BODY COVER,OFDC40606,PC,0.0,,,0.0,,
,12-006-04,G,SIGHT GLASS RETAIN,OFDC40607,PC,0.0,,,0.0,,
,12-006-05,G,ADJUSTING SPINDLE,OFDC40608,PC,0.0,,,0.0,,
,12-006-06,G,TERMINAL BOX,OFDC40602,PC,0.0,,,0.0,,
,12-006-07,G,SIGHT GLASS,OFDC40603,PC,0.0,,,0.0,,
,12-006-08,G,RUBBER PACKING,0FDC40609,PC,0.0,,,0.0,,
,12-006-09,G,ORING,OFDC40610,PC,0.0,,,0.0,,
,12-006-10,G,RUBBER PACKING,0FDC40611,PC,0.0,,,0.0,,
,12-006-11,G,FLOAT,OFDC40612,PC,0.0,,,0.0,,
,12-006-12,G,GUIDE BAR (A),OFDC40613,PC,0.0,,,0.0,,
,12-006-13,G,GUIDE BAR (B),OFDC40601,PC,0.0,,,0.0,,
,12-006-14,G,MICRO SWITCH,OFDC40614,PC,0.0,,,0.0,,
,12-006-15,G,ADJUSTING COCK,OFDC40701,PC,0.0,,,0.0,,
,12-006-16,G,CONNECTING PIPE,A10042A,PC,0.0,,,0.0,,
,12-006-17,G,ORING,A10048A,PC,0.0,,,0.0,,
12.        PURIFIER & PURIFIER RELATED AUX. MACHINERY / SYSTEM,12-007,,SOLENOID  VALVE,,,,,,,,
,12-007-01,G,SOLENOID  VALVE COMPLET,OJDSP 4017,PC,1.0,,,1.0,,
,12-007-02,G,COIL,OJDSP E003,PC,0.0,,,0.0,,
,12-007-03,G,DIAPHRAGM,OJDSP 6001,PC,0.0,,,0.0,,
,12-007-04,G,VALVE BODY,OJDSP E005,PC,0.0,,,0.0,,
,12-007-05,G,PILOT SPRING,OJDSP 4019,PC,0.0,,,0.0,,
,12-007-06,G,PLUNGER,OJDSP 4021,PC,0.0,,,0.0,,
,12-007-07,G,PLUNGER SPRING,OJDSP E008,PC,0.0,,,0.0,,
,12-007-08,G,PACKLESS,OJDSP 4020,PC,0.0,,,0.0,,
,12-007-09,G,VALVE BONNET,OJDSP 5010,PC,0.0,,,0.0,,
,12-007-10,G,HANDLE,OJDSP E011,PC,0.0,,,0.0,,
,12-007-11,G,COIL BONNET,OJDSP 4022,PC,0.0,,,0.0,,
,12-007-12,G,TERMINAL BOX,,PC,1.0,,,1.0,,
12.        PURIFIER & PURIFIER RELATED AUX. MACHINERY / SYSTEM,12-008,,REDUCING VALVE,,,,,,,,
,12-008-01,G,LOCK NUT,ORW211501,PC,0.0,,,0.0,,
,12-008-02,G,DIAPHRAGM ASSEMBLY,0RW21C002,PC,0.0,,,0.0,,
,12-008-03,G,DISK,0RW21C003,PC,0.0,,,0.0,,
,12-008-04,G,ORING,0RW21C004,PC,0.0,,,0.0,,
,12-008-05,G,BODY,ORW21C005,PC,0.0,,,0.0,,
,12-008-06,G,SPRING COVER,ORW21C006,PC,0.0,,,0.0,,
,12-008-07,G,VALVE STICK,0RW21C007,PC,0.0,,,0.0,,
,12-008-08,G,SPRING,ORW21C508,PC,0.0,,,0.0,,
,12-008-09,G,PRESSURE GAUGE,ORW21C009,PC,0.0,,,0.0,,
,12-008-10,G,VALVE SPRING,0RW21C010,PC,,,,0.0,,
12.        PURIFIER & PURIFIER RELATED AUX. MACHINERY / SYSTEM,12-009,,3-WAY SOLENOID VALVE,,,,,,,,
,12-009-01,G,ROKKING BUTTON,PMS23001,PC,1.0,,,0.0,,
,12-009-02,G,PILOT VALVE,PMS23003,PC,0.0,,,0.0,,
,12-009-03,G,BODY,PMS23004,PC,0.0,,,0.0,,
,12-009-04,G,BASE,PMS23005,PC,0.0,,,0.0,,
,12-009-05,G,SLEEVE,PMS23006,PC,0.0,,,0.0,,
,12-009-06,G,SPOOL,PMS23007,PC,2.0,,,0.0,,
,12-009-07,G,ORING,PMS23008,PC,0.0,,,0.0,,
,12-009-08,G,SPRING,PMS23009,PC,0.0,,,0.0,,
,12-009-09,G,DIN SOCKET,PMS23010,PC,0.0,,,0.0,,
12.        PURIFIER & PURIFIER RELATED AUX. MACHINERY / SYSTEM,12-010,,FEED VALVE,,,,,,,,
,12-010-01,G,SPRING SHEET,OSK8RT001,PC,0.0,,,0.0,,
,12-010-02,G,BODY,OSK8RT002,PC,0.0,,,0.0,,
,12-010-03,G,VALVE SHEET,OSK80R003,PC,0.0,,,0.0,,
,12-010-04,G,ORING,OSK80R005,PC,0.0,,,0.0,,
,12-010-05,G,WASHER,OSK80R005,PC,0.0,,,0.0,,
,12-010-06,G,VALVE DISK,OSK80R00,PC,0.0,,,0.0,,
,12-010-07,G,VALVE,OSK80R007,PC,0.0,,,0.0,,
,12-010-08,G,ORING,OSK80R08,PC,0.0,,,0.0,,
,12-010-09,G,STEM,OSK80R022,PC,0.0,,,0.0,,
,12-010-10,G,WASHER,OSK8RD010,PC,0.0,,,0.0,,
,12-010-11,G,CYLINDER,OSK8RD011,PC,0.0,,,0.0,,
,12-010-12,G,SPRING,OSK8RD012,PC,0.0,,,0.0,,
,12-010-13,G,WARE RING,OSK8RD013,PC,0.0,,,0.0,,
,12-010-14,G,PISTON,OSK8RD014,PC,0.0,,,0.0,,
,12-010-15,G,ORING,OSK8RD015,PC,0.0,,,0.0,,
,12-010-16,G,CYLINDER COVER,OSK8RD017,PC,0.0,,,0.0,,
,12-010-17,G,ORING,OSK8RD018,PC,0.0,,,0.0,,
,12-010-18,G,GRUND,OSK80R019,PC,0.0,,,0.0,,
,12-010-19,G,ORING,OSK80R020,PC,0.0,,,0.0,,
,12-010-20,G,ORING,OSK8RD024,PC,0.0,,,0.0,,
12.        PURIFIER & PURIFIER RELATED AUX. MACHINERY / SYSTEM,12-011,,STATER PANEL,,,,,,,,
,12-011-01,G,FUSE 1A,CR9C001-W,PC,0.0,,,0.0,,
,12-011-02,G,GLOBE ( WHITE ),AR9C012-G,PC,0.0,,,0.0,,
,12-011-03,G,GLOBE ( GREEN ),BA9S,PC,0.0,,,0.0,,
,12-011-04,G,BULB 30V-1W,FCF2,PC,0.0,,,0.0,,
,12-011-05,G,FUSE 3A,SC-4-1,PC,0.0,,,0.0,,
,12-011-06,G,ELEC.MAG.CONTACTOR,0Hz          P,PC,0.0,,,0.0,,
,12-011-07,G,AUX.RELAY 24,GLASSTUBE,PC,0.0,,,0.0,,
12.        PURIFIER & PURIFIER RELATED AUX. MACHINERY / SYSTEM,12-012,,AUTO.CONT.PANEL,,,,,,,,
,12-012-01,G,AUX. RELAY,,PC,,,,0.0,,
,12-012-02,G,LED (SIGNAL LAMP ),,PC,,,,0.0,,
,12-012-03,G,GLOBE ( SIGNAL LAMP ),NC0 5A,PC,,,,0.0,,
,12-012-04,G,FUSE ELEMENT,GLASS TUBE,PC,,,,0.0,,
,12-012-05,G,FUSE ELEMENT  2A,JWISN-DC24V,PC,,,,0.0,,
,,,,,,,,,,,
12.        PURIFIER & PURIFIER RELATED AUX. MACHINERY / SYSTEM,12-013,,ELECTRIC MOTOR 5.5 K,,,,,,,,
,12-013-01,G,BALL BEARING 4,I16308J5,PC,0.0,,,2.0,,
13.        WASTER OIL INCINERATOR and RELATED MACHINERY / SYSTEM,13-001,,INCINERATOR,,,,,,,,
,13-001-01,G,"Cellolite Fuse, 50L",AA8-1439-0,PC,1.0,,,1.0,,
,13-001-02,G,"Cellolite Fuse, 50L",AA8-4335-0,PC,1.0,,,1.0,,
,13-001-03,G,Cds Cell                               φ9.5 x 45,881-122 -0000-0,PC,1.0,,,1.0,,
,13-001-04,G,Spark Rod,509-600  0150-0,PC,0.0,,,1.0,,
,13-001-05,G,Nozzle Tip for Aux. Burner      23L,A334-001 -2001-4,PC,0.0,,,1.0,,
,13-001-06,G,Roaster,,,,,,,,
14.        OILY WATER SEPARATOR,14-001,G,Oily Water Separator & Bilge Pump,,,,,,,,
,14-001-02,G,V- Belt,111.0,PC,0.0,,,1.0,,
,14-001-03,G,Bucket ring,210.0,PC,0.0,,,1.0,,
,14-001-04,G,Valve ( set ),214.0,PC,0.0,,,1.0,,
,14-001-05,G,WEIR RING,501.0,PC,0.0,,,1.0,,
,14-001-06,G,Gland packing ( set ),,PC,,,1.0,1.0,,11 SEP 2023 RENEWED
16.        SEWAGE TREATMENT SYSTEM,16-001,,"SEWAGE TREATMENT SYSTEM
TAIKO, SBT-25",,,,,,,,
,16-001-01,G,,"A-24""",PC,1.0,,,2.0,,
,16-001-02,G,V BELT,EA560-20 EAGLE,PC,1.0,,,2.0,,
,16-001-03,G,MECHANICAL SEAL  FOR PP,,PC,1.0,,,1.0,,
,16.002-01,G,COALESCER FILTER,,PC,1.0,,,1.0,,
,16.002-02,G,Lubricating Oil for Blower 0.25L  ISO VG 68 Turbine Oil,IMPA Code55-06-76,PC,1.0,,,1.0,,
,16.002-03,G,Chlorine Type Water Treatment Chemical,450 x 25,PC,10.0,,,10.0,,
,16.002-04,G,Nipper for Taking out The Wastes,300L,PC,1.0,,,1.0,,
,,,"SEWAGE TREATMENT SYSTEM
TAIKO, SBT-25 ; aeration blower",Drawing NO; 8022520,,,,,,,
,16-002-01,G,DRIVE SHAFT,9.0,,1.0,,1.0,0.0,,"4,4,2025,Received Ulsan"
,16-002-02,G,DRIVEN SHAFT,20.0,,1.0,,1.0,0.0,,"4,4,2025,Received Ulsan"
,16-002-03,G,BEARING  ;6302,4.0,,4.0,,1.0,3.0,,"4,4,2025,Received Ulsan"
,16-002-04,G,"BEARING ,6202",12.0,,4.0,,1.0,3.0,,"4,4,2025,Received Ulsan"
,16-002-05,G,OIL SEAL,11.0,,4.0,,1.0,3.0,,"4,4,2025,Received Ulsan"
,16-002-06,G,NUT,15.0,,4.0,,1.0,3.0,,"4,4,2025,Received Ulsan"
,16-002-07,G,WASHER,16.0,,3.0,,,3.0,,"4,4,2025,Received Ulsan"
,16-002-08,G,CHLORINE TABLETS,,BOTT,3.0,,1.0,2.0,,
16.        SEWAGE TREATMENT SYSTEM,16-003,,DISCHARGE PUMP CR-50S,,,,,,,,
,16-003-01,G,Mechanical Seal  φ20     HG9A-SN PILLAR,S07027900,PC,1.0,,1.0,1.0,,
,16-003-02,G,Ball Bearing ( for Motor ) 6205ZZ,S07027900,PC,,,2.0,2.0,,
,16-003-03,G,Holder,S07027900,,,,,1.0,,
,16-003-04,G,Impeller,S07027900,PC,1.0,,,6.0,,
16.        SEWAGE TREATMENT SYSTEM,16-005,,CONTROL PANEL,,,,,,,,
,16-005-01,G,"Transformer AC440V / AC110V ,12V",,PC,,,,0.0,,
,16-005-02,G,Fuse Case         φ15 x 50 NC-1,SBT-25217,PC,,,,4.0,,
,16-005-03,G,Fuse Element     φ9 x 55  NC-1  3A,SBT-25217,PC,,,,4.0,,
,16-005-04,G,Bulb                 φ14 x 34 18V 2W E-12,SBT-25217,PC,,,,2.0,,
,16-005-05,G,THR-1 THERMAL RELAY TR-0N 2.2A~3.4A,SBT-25217,PC,,,,2.0,,
,16-005-06,G,THR-2 THERMAL RELAY TR-0N 0.8A~1.2A,SBT-25217,PC,,,,1.0,,
19.        MAIN SWITCH BOARD & EMERGENCY SWITCH BOARD,19-001,,"MAIN SWICHBOARD  
No.1, 2 GROUP STARTER PANEL",,,,,,,,
,19-001-01,G,Circuit breaker NF100 – SP 100A SHC (AC400V),1038271.0,PC,,,,1.0,,
,19-001-02,G,Circuit breaker NF100 – SP 15A,1038287.0,PC,,,,2.0,,
,19-001-03,G,Circuit breaker NF100 – SP 15A SHC (AC400V),1038288.0,PC,,,,1.0,,
,19-001-04,G,Circuit breaker NF100 – SP 20A SHC (AC400V),1038289.0,PC,,,,1.0,,
,19-001-05,G,Circuit breaker NF100 – SP 30A SHC (AC400V),1038290.0,PC,,,,1.0,,
,19-001-06,G,Circuit breaker NF100 – SP 40A SHC (AC400V),1039001.0,PC,,,,1.0,,
,19-001-07,G,"Circuit breaker NF100 – SP 100A INST
600A 60I SHC (AC400V)",1038291.0,PC,,,,1.0,,
,19-001-08,G,Circuit breaker NF100 – SP 50A SHC (AC400V),1038292.0,PC,,,,1.0,,
,19-001-09,G,Circuit breaker NF100 – SP 60A SHC (AC400V),1038293.0,PC,,,,1.0,,
,19-001-10,G,Circuit breaker NF100 – SP 75A SHC (AC400V),1038294.0,PC,,,,1.0,,
20.        BOW THRUSTER,20-001,,Bow Thruster (KAWASAKI KT-72B1),,,,,,,,
,20-001-01,G,Gasket         φ155 x φ77.5  t = 1.5,S8418214       227,PC,2.0,,,2.0,,
,20-001-02,G,O-ring         φ183 x φ10,B2401 P150  228,PC,1.0,,,1.0,,
,20-001-03,G,O-ring        φ150 x φ5.7,B2401 P265  229,PC,2.0,,,2.0,,
,20-001-04,G,O-ring         φ265 x φ8.4,B2401 P32    230,PC,1.0,,,1.0,,
,20-001-05,G,O-ring         φ32 x φ3.5,C4401745    247,PC,1.0,,,1.0,,
,20-001-06,G,O-ring         φ278 x φ4,C4401745    248,PC,2.0,,,2.0,,
,20-001-07,G,O-ring         φ362 x φ4,257.0,PC,8.0,,,8.0,,
,20-001-08,G,Copper Packing              φ21 x T1.6,10.0,PC,1.0,,,1.0,,
,20-001-09,G,Wire        φ5 x 0.2M,215.0,PC,1.0,,,1.0,,
,20-001-10,G,Wire         φ1.6 x 1.5M,302.0,PC,1.0,,,1.0,,
,20-001-11,G,Wire          φ2.6 x 0.15M,B2401 G210 231,PC,1.0,,,1.0,,
,20-001-12,G,O-ring      φ209 x φ5.7,B2401 G90   232,PC,1.0,,,1.0,,
,20-001-13,G,O-ring         φ89 x φ3.1,S4401745     249,PC,1.0,,,1.0,,
,20-001-14,G,O-ring        φ471 x φ8,B2401 G185   250,PC,1.0,,,1.0,,
,20-001-15,G,O-ring         φ184 x φ5.7,B2401 P30    233,PC,3.0,,,3.0,,
,20-001-16,G,O-ring         φ30 x φ3.5,B2401 P26    234,PC,2.0,,,2.0,,
,20-001-17,G,O-ring       φ26 x φ3.5,B2401 P22    235,PC,1.0,,,1.0,,
,20-001-18,G,O-ring        φ22 x φ2.4,B2401 G120  236,PC,1.0,,,1.0,,
,20-001-19,G,O-ring        φ119 x φ3.1,C4401745     251,PC,1.0,,,1.0,,
,20-001-20,G,O-ring        φ468 x φ8,C4401745     252,PC,1.0,,,1.0,,
,20-001-21,G,O-ring         φ494 x φ8,C4401745     253,PC,2.0,,,2.0,,
,20-001-22,G,O-ring         φ324 x φ5,B2401 G30   240,PC,1.0,,,1.0,,
,20-001-23,G,O-ring         φ29 x φ3.1,B2401 P22   241,PC,2.0,,,2.0,,
,20-001-24,G,O-ring          φ22 x φ2.4,B2401 G75   242,PC,1.0,,,1.0,,
,20-001-25,G,O-ring       φ74 x φ3.1,B2401 G55   243,PC,1.0,,,1.0,,
,20-001-26,G,O-ring         φ54 x φ3.1,216.0,PC,2.0,,,2.0,,
,20-001-27,G,Wire         φ4 x 1.8M,B2401 P16B 145-1,PC,2.0,,,2.0,,
,20-001-28,G,O-ring         φ16 x φ2.4,B2401 G25B 145-2,PC,2.0,,,2.0,,
,20-001-29,G,O-ring       φ 14 x φ3.1,"B2401 P22    146, 147",PC,2.0,,,2.0,,
,20-001-30,G,O-ring       φ18 x φ2.4,B2401 P22    237,PC,2.0,,,2.0,,
,20-001-31,G,O-ring         φ22 x φ2.4,B2401 P22    237,PC,1.0,,,1.0,,
,20-001-32,G,O-ring         φ22 x φ2.4,239.0,PC,1.0,,,1.0,,
,20-001-33,G,O-ring,S8454023R3   76,PC,1.0,,,1.0,,
,20-001-34,G,Gasket (1)     66 x 36  2-φ11 t = 1.5,S8454217R2   77,PC,1.0,,,1.0,,
,20-001-35,G,Gasket (2)        80 x 80  t = 1.5,S8454025R3   78,PC,2.0,,,2.0,,
,20-001-36,G,Gasket (3)         64 x 64  t = 1.5,G-GS1-5KX40 258,PC,1.0,,,1.0,,
,20-001-37,G,Gasket       φ120 x φ49.5  t = 1.5,G-GS1-5KX65 260,PC,1.0,,,1.0,,
20.        BOW THRUSTER,20-002,,"CARTRIDGE VALVES (RVEA, LKFC, FDCB, CXFA, CXDA, GBP/S)",,,,,,,,
,20-002-01,G,O-ring           φ9.25 x φ1.78,VZ990-202-007 1,PC,1.0,,,5.0,,
,20-002-02,G,O-ring           φ23.52 x φ1.78,"VZ990-202-007 2 
VZ990-203-007 1",PC,1.0,,,7.0,,
,20-002-03,G,O-ring         φ21.95 x φ1.78,"VZ990-202-007 3
VZ990-203-007 2",PC,1.0,,,7.0,,
,20-002-04,G,O-ring          φ18.77 x φ1.78,VZ990-202-007 4,PC,1.0,,,5.0,,
,20-002-05,G,Back-up Ring          φ27 x φ24 x 1.25,"VZ990-202-007 5
VZ990-203-007 3",PC,1.0,,,7.0,,
,20-002-06,G,Back-up Ring         φ25 x φ22 x 1.25,"VZ990-202-007 6
VZ990-203-007 4",PC,1.0,,,14.0,,
,20-002-07,G,Back-up Ring          φ21 x φ18 x 1.25,VZ990-010-007 1,PC,1.0,,,1.0,,
,20-002-08,G,O-ring          φ17.17 x φ1.78,VZ990-010-007 2,PC,1.0,,,1.0,,
,20-002-09,G,O-ring          φ14 x φ1.78,VZ990-010-007 3,PC,1.0,,,1.0,,
,20-002-10,G,Back-up Ring       φ20 x φ17.2 x 1.3,VZ990-010-007 4,PC,2.0,,,2.0,,
,20-002-11,G,Back-up Ring          φ17.4 x φ14.4 x 1.3,for GBP/S,PC,4.0,,,4.0,,
20.        BOW THRUSTER,20-003,,SOLENOID OPERATED VALVE    ( DE6P-20-** ),,,,,,,,
,20-003-01,G,O-ring             φ8.8 x φ1.9,15-3,PC,2.0,,,2.0,,
,20-003-02,G,O-ring            φ17.8 x φ2.4,22,PC,2.0,,,4.0,,
20.        BOW THRUSTER,20-004,,HYDRAULIC PUMP                  ( 25-6*8D* ),,,,,,,,
,20-004-01,G,Spider for coupling,531.0,PC,1.0,,,1.0,,
,20-004-02,G,O-ring                 φ49.4 x φ3.1,541.0,PC,1.0,,,1.0,,
,20-004-03,G,O-ring                φ59.4 x φ3.1,531-1,PC,1.0,,,1.0,,
,20-004-04,G,O-ring                 φ64.4 x φ3.1,457.0,PC,2.0,,,1.0,,
,20-004-05,G,O-ring                φ4.8 x φ1.9,31.0,PC,1.0,,,2.0,,
,20-004-06,G,O-ring                φ35.7 x φ3.5,32.0,PC,2.0,,,1.0,,
,20-004-07,G,O-ring                 φ29.4 x φ3.1,33.0,PC,1.0,,,2.0,,
,20-004-08,G,O-ring                φ21.8 x φ2.4,,PC,1.0,,,1.0,,
20.        BOW THRUSTER,20-005,,REMOTE CONTROL SYSTEM BOW THRUSTER 510KW 4P,,,,,,,,
,20-005-01,G,Bearing    φ190 x φ90 x 43,No. 6322C3,PC,1.0,,,1.0,,
,20-005-02,G,Bearing    φ240 x φ110 x 50,No.7318,PC,1.0,,,1.0,,
20.        BOW THRUSTER,20-006,,STARTER (DWG NO. GS13696),,,,,,,,
,20-006-01,G,Magnetic Contactor           138 x 210 x 194,DR30DOL-54□　White,PC,0.0,,,0.0,,
,20-006-02,G,Globe for Lamp                    φ24 x 14.5,"BA9S/13   6.3V, 1W",PC,0.0,,,0.0,,
,20-006-03,G,Bulb                                   φ10 x 20,CELLO LITE UC-1  1A,PC,0.0,,,0.0,,
,20-006-04,G,Fuse                                  φ15 x 50,H3CH-A8  440V 60Hz,PC,0.0,,,0.0,,
,20-006-05,G,Time Lag Relay                   48 x 48 x 94,SRC 50-2F/X 440V 60Hz,PC,0.0,,,0.0,,
,20-006-06,G,Aux. Relay                           37.5 x 67.5 x 90,SC-05       440V 60Hz,PC,0.0,,,0.0,,
,20-006-07,G,Magnetic Contactor              80 x 53 x 80,TR-ON           4 - 6A,PC,0.0,,,0.0,,
,20-006-08,G,Thermal Relay                     44 x 58.5 x 79,TR-ONH      2.8 - 4.2A,PC,0.0,,,0.0,,
,20-006-09,G,Thermal Relay                    44 x 72 x 87,SH-4 4a    110V 60Hz,PC,0.0,,,0.0,,
,20-006-10,G,Aux. Relay                        43 x 80 x 80,SZ-A40,PC,0.0,,,0.0,,
,20-006-11,G,Aux. Contact Block            44 x 47.5 x 32,SC-10N     110V 60Hz,PC,0.0,,,0.0,,
21.        AIR CONDITIONING PLANT,21-001,,ACCOMODATION AIR CONDITIONER,,,,,,,,
,21-001-01,G,For Compressor MR-4SS,"Draw No. 280109,B46",PC,1.0,,,2.0,,
,21-001-02,G,V-belt,Draw No. 100931   φ220,PC,0.0,,,1.0,,
,21-001-03,G,Packing,Draw No. 100932   φ220,PC,0.0,,,1.0,,
,21-001-04,G,Packing,Draw No. 270641 φ6.5 x 30,PC,1.0,,,3.0,,
,21-001-05,G,Fuse,Page 15,PC,,,,0.0,,
,21-001-06,G,For Compressor MR-4SS,CR03095G06 140 x 264 x 15,PC,2.0,,,4.0,,
,21-001-07,G,Valve Assembly,CY69461H01   150 x 284 x T0.8,PC,2.0,,,4.0,,
,21-001-08,G,Gasket Cover Access,Page 15,PC,,,,5.0,,
23.        REFRIGERATOR & COLD CHAMBER,23-001,,PROVISION REFFER MACHINE,,,,,,,,
,23-001-01,G,PACKING FOR COND.(F),W354911G02,PC,1.0,,,1.0,,
,23-001-02,G,VALVE PLATE ASS'Y,W446922H01,PC,1.0,,,4.0,,
,23-001-03,G,SUCTION VALVE,P701053X01,PC,1.0,,,4.0,,
,23-001-04,G,PISTON RING 1st,W462590H01,PC,1.0,,,1.0,,
,23-001-05,G,PISTON RING 2nd,W436046H01,PC,0.0,,,4.0,,
,23-001-06,G,PISTON PIN,100931.0,PC,0.0,,,1.0,,
25.        CARGO PUMP,25-001,,PUMP SD 125-5.4,,,,,,,,
,25-001-01,G,"SEAL ELEMENT,  (Item No.29)",27920.0,PC,,,,1.0,,
,25-001-02,G,BOLT SOCKET(Item No.7),A13340,PC,,,,5.0,,
,25-001-03,G,SEAL ELEMENT(iItem No.8),111450.0,PC,,,,12.0,,
,25-001-04,G,BOLT HEXAGON (Item No.13),19709.0,PC,,,,1.0,,
,25-001-05,G,BOLT HEXAGON (Item No.16),A9241,PC,,,,10.0,,
,25-001-06,G,BOLT HEXAGON (Item No.17),A881,PC,,,,10.0,,
,25-001-07,G,BOLT SOCKET(Item No.18),85233.0,PC,,,,6.0,,
,25-001-08,G,BOLT HEXAGON(Item No.19),1321.0,PC,,,,8.0,,
,25-001-09,G,WASHAER PLAIN(Item No.24),27821.0,PC,,,,1.0,,
,25-001-10,G,BOLT HEXAGON (Item No.26),A10038,PC,,,,1.0,,
,25-001-11,G,"WASHER LOCK,  (Item No.27)",A10039,PC,,,,6.0,,
,25-001-12,G,"BRACKET LOCK,  (Item No.28)",A10029,PC,,,,2.0,,
26,26-001,,FIRE & BILGE PUMP,,,,,,,,
,26-001-01,G,Mechanichal Seal** Jhon Crane Type**,32.0,PC,2.0,,2.0,0.0,,RECEIVE ULSAN  jul 2024
,26-001-02,G,Stage Bush,27.0,PC,2.0,,,2.0,,RECEIVE ULSAN  jul 2024
,26-001-03,G,Neck Bush,24.0,PC,2.0,,,2.0,,RECEIVE ULSAN  jul 2024
,26-001-04,G,Mouth Ring**I.D:  150**,22.0,PC,4.0,,,4.0,,RECEIVE ULSAN  jul 2024
,26-001-05,G,O-Ring,21.0,PC,4.0,,,4.0,,RECEIVE ULSAN  jul 2024
,26-001-06,G,Foot Shaft Sleeve,20B,PC,2.0,,,2.0,,RECEIVE ULSAN  jul 2024
,26-001-07,G,Upper Shaft Sleve,20A,PC,2.0,,,2.0,,RECEIVE ULSAN  jul 2024
,26-001-08,G,Bearing Bush,17.0,PC,2.0,,,2.0,,RECEIVE ULSAN  jul 2024
,26-001-09,G,Mechanichal seal Stopper,33.0,PC,2.0,,,2.0,,RECEIVE ULSAN  jul 2024
,26-001-10,G,Ball Bearing,16.0,PC,2.0,,,2.0,,RECEIVE ULSAN  jul 2024
